weapon_id,quality,dataset,band,armor_profile,flat_mitigation_proxy,center_m,sample_distances_m,mean_distance_expected_armored_dps,min_distance_expected_armored_dps
short_bow,Q1,vanilla,near,none,0.00,10,9/10/11,1.33,1.24
short_bow,Q1,vanilla,near,light,0.28,10,9/10/11,1.26,1.17
short_bow,Q1,vanilla,near,medium,0.48,10,9/10/11,1.21,1.12
short_bow,Q1,vanilla,near,heavy,0.68,10,9/10/11,1.15,1.07
short_bow,Q1,vanilla,mid,none,0.00,18,17/18/19,0.40,0.00
short_bow,Q1,vanilla,mid,light,0.28,18,17/18/19,0.38,0.00
short_bow,Q1,vanilla,mid,medium,0.48,18,17/18/19,0.37,0.00
short_bow,Q1,vanilla,mid,heavy,0.68,18,17/18/19,0.35,0.00
short_bow,Q1,vanilla,far,none,0.00,22,21/22/23,0.00,0.00
short_bow,Q1,vanilla,far,light,0.28,22,21/22/23,0.00,0.00
short_bow,Q1,vanilla,far,medium,0.48,22,21/22/23,0.00,0.00
short_bow,Q1,vanilla,far,heavy,0.68,22,21/22/23,0.00,0.00
short_bow,Q1,vanilla,ultra_far,none,0.00,25,24/25/26,0.00,0.00
short_bow,Q1,vanilla,ultra_far,light,0.28,25,24/25/26,0.00,0.00
short_bow,Q1,vanilla,ultra_far,medium,0.48,25,24/25/26,0.00,0.00
short_bow,Q1,vanilla,ultra_far,heavy,0.68,25,24/25/26,0.00,0.00
short_bow,Q1,mod,near,none,0.00,10,9/10/11,1.49,1.38
short_bow,Q1,mod,near,light,0.28,10,9/10/11,1.41,1.31
short_bow,Q1,mod,near,medium,0.48,10,9/10/11,1.35,1.25
short_bow,Q1,mod,near,heavy,0.68,10,9/10/11,1.29,1.20
short_bow,Q1,mod,mid,none,0.00,18,17/18/19,0.24,0.00
short_bow,Q1,mod,mid,light,0.28,18,17/18/19,0.23,0.00
short_bow,Q1,mod,mid,medium,0.48,18,17/18/19,0.22,0.00
short_bow,Q1,mod,mid,heavy,0.68,18,17/18/19,0.21,0.00
short_bow,Q1,mod,far,none,0.00,22,21/22/23,0.00,0.00
short_bow,Q1,mod,far,light,0.28,22,21/22/23,0.00,0.00
short_bow,Q1,mod,far,medium,0.48,22,21/22/23,0.00,0.00
short_bow,Q1,mod,far,heavy,0.68,22,21/22/23,0.00,0.00
short_bow,Q1,mod,ultra_far,none,0.00,25,24/25/26,0.00,0.00
short_bow,Q1,mod,ultra_far,light,0.28,25,24/25/26,0.00,0.00
short_bow,Q1,mod,ultra_far,medium,0.48,25,24/25/26,0.00,0.00
short_bow,Q1,mod,ultra_far,heavy,0.68,25,24/25/26,0.00,0.00
short_bow,Q2,vanilla,near,none,0.00,10,9/10/11,1.65,1.58
short_bow,Q2,vanilla,near,light,0.28,10,9/10/11,1.56,1.49
short_bow,Q2,vanilla,near,medium,0.48,10,9/10/11,1.49,1.42
short_bow,Q2,vanilla,near,heavy,0.68,10,9/10/11,1.42,1.36
short_bow,Q2,vanilla,mid,none,0.00,18,17/18/19,0.74,0.00
short_bow,Q2,vanilla,mid,light,0.28,18,17/18/19,0.69,0.00
short_bow,Q2,vanilla,mid,medium,0.48,18,17/18/19,0.66,0.00
short_bow,Q2,vanilla,mid,heavy,0.68,18,17/18/19,0.64,0.00
short_bow,Q2,vanilla,far,none,0.00,22,21/22/23,0.00,0.00
short_bow,Q2,vanilla,far,light,0.28,22,21/22/23,0.00,0.00
short_bow,Q2,vanilla,far,medium,0.48,22,21/22/23,0.00,0.00
short_bow,Q2,vanilla,far,heavy,0.68,22,21/22/23,0.00,0.00
short_bow,Q2,vanilla,ultra_far,none,0.00,25,24/25/26,0.00,0.00
short_bow,Q2,vanilla,ultra_far,light,0.28,25,24/25/26,0.00,0.00
short_bow,Q2,vanilla,ultra_far,medium,0.48,25,24/25/26,0.00,0.00
short_bow,Q2,vanilla,ultra_far,heavy,0.68,25,24/25/26,0.00,0.00
short_bow,Q2,mod,near,none,0.00,10,9/10/11,1.92,1.84
short_bow,Q2,mod,near,light,0.28,10,9/10/11,1.82,1.74
short_bow,Q2,mod,near,medium,0.48,10,9/10/11,1.74,1.66
short_bow,Q2,mod,near,heavy,0.68,10,9/10/11,1.66,1.59
short_bow,Q2,mod,mid,none,0.00,18,17/18/19,0.44,0.00
short_bow,Q2,mod,mid,light,0.28,18,17/18/19,0.42,0.00
short_bow,Q2,mod,mid,medium,0.48,18,17/18/19,0.40,0.00
short_bow,Q2,mod,mid,heavy,0.68,18,17/18/19,0.38,0.00
short_bow,Q2,mod,far,none,0.00,22,21/22/23,0.00,0.00
short_bow,Q2,mod,far,light,0.28,22,21/22/23,0.00,0.00
short_bow,Q2,mod,far,medium,0.48,22,21/22/23,0.00,0.00
short_bow,Q2,mod,far,heavy,0.68,22,21/22/23,0.00,0.00
short_bow,Q2,mod,ultra_far,none,0.00,25,24/25/26,0.00,0.00
short_bow,Q2,mod,ultra_far,light,0.28,25,24/25/26,0.00,0.00
short_bow,Q2,mod,ultra_far,medium,0.48,25,24/25/26,0.00,0.00
short_bow,Q2,mod,ultra_far,heavy,0.68,25,24/25/26,0.00,0.00
short_bow,Q3,vanilla,near,none,0.00,10,9/10/11,1.94,1.89
short_bow,Q3,vanilla,near,light,0.28,10,9/10/11,1.83,1.79
short_bow,Q3,vanilla,near,medium,0.48,10,9/10/11,1.75,1.71
short_bow,Q3,vanilla,near,heavy,0.68,10,9/10/11,1.68,1.63
short_bow,Q3,vanilla,mid,none,0.00,18,17/18/19,1.05,0.00
short_bow,Q3,vanilla,mid,light,0.28,18,17/18/19,0.99,0.00
short_bow,Q3,vanilla,mid,medium,0.48,18,17/18/19,0.95,0.00
short_bow,Q3,vanilla,mid,heavy,0.68,18,17/18/19,0.91,0.00
short_bow,Q3,vanilla,far,none,0.00,22,21/22/23,0.00,0.00
short_bow,Q3,vanilla,far,light,0.28,22,21/22/23,0.00,0.00
short_bow,Q3,vanilla,far,medium,0.48,22,21/22/23,0.00,0.00
short_bow,Q3,vanilla,far,heavy,0.68,22,21/22/23,0.00,0.00
short_bow,Q3,vanilla,ultra_far,none,0.00,25,24/25/26,0.00,0.00
short_bow,Q3,vanilla,ultra_far,light,0.28,25,24/25/26,0.00,0.00
short_bow,Q3,vanilla,ultra_far,medium,0.48,25,24/25/26,0.00,0.00
short_bow,Q3,vanilla,ultra_far,heavy,0.68,25,24/25/26,0.00,0.00
short_bow,Q3,mod,near,none,0.00,10,9/10/11,2.38,2.32
short_bow,Q3,mod,near,light,0.28,10,9/10/11,2.25,2.19
short_bow,Q3,mod,near,medium,0.48,10,9/10/11,2.15,2.10
short_bow,Q3,mod,near,heavy,0.68,10,9/10/11,2.06,2.01
short_bow,Q3,mod,mid,none,0.00,18,17/18/19,1.29,0.00
short_bow,Q3,mod,mid,light,0.28,18,17/18/19,1.22,0.00
short_bow,Q3,mod,mid,medium,0.48,18,17/18/19,1.17,0.00
short_bow,Q3,mod,mid,heavy,0.68,18,17/18/19,1.11,0.00
short_bow,Q3,mod,far,none,0.00,22,21/22/23,0.00,0.00
short_bow,Q3,mod,far,light,0.28,22,21/22/23,0.00,0.00
short_bow,Q3,mod,far,medium,0.48,22,21/22/23,0.00,0.00
short_bow,Q3,mod,far,heavy,0.68,22,21/22/23,0.00,0.00
short_bow,Q3,mod,ultra_far,none,0.00,25,24/25/26,0.00,0.00
short_bow,Q3,mod,ultra_far,light,0.28,25,24/25/26,0.00,0.00
short_bow,Q3,mod,ultra_far,medium,0.48,25,24/25/26,0.00,0.00
short_bow,Q3,mod,ultra_far,heavy,0.68,25,24/25/26,0.00,0.00
short_bow,Q4,vanilla,near,none,0.00,10,9/10/11,2.04,2.00
short_bow,Q4,vanilla,near,light,0.28,10,9/10/11,1.92,1.89
short_bow,Q4,vanilla,near,medium,0.48,10,9/10/11,1.84,1.81
short_bow,Q4,vanilla,near,heavy,0.68,10,9/10/11,1.76,1.73
short_bow,Q4,vanilla,mid,none,0.00,18,17/18/19,1.16,0.00
short_bow,Q4,vanilla,mid,light,0.28,18,17/18/19,1.10,0.00
short_bow,Q4,vanilla,mid,medium,0.48,18,17/18/19,1.05,0.00
short_bow,Q4,vanilla,mid,heavy,0.68,18,17/18/19,1.01,0.00
short_bow,Q4,vanilla,far,none,0.00,22,21/22/23,0.00,0.00
short_bow,Q4,vanilla,far,light,0.28,22,21/22/23,0.00,0.00
short_bow,Q4,vanilla,far,medium,0.48,22,21/22/23,0.00,0.00
short_bow,Q4,vanilla,far,heavy,0.68,22,21/22/23,0.00,0.00
short_bow,Q4,vanilla,ultra_far,none,0.00,25,24/25/26,0.00,0.00
short_bow,Q4,vanilla,ultra_far,light,0.28,25,24/25/26,0.00,0.00
short_bow,Q4,vanilla,ultra_far,medium,0.48,25,24/25/26,0.00,0.00
short_bow,Q4,vanilla,ultra_far,heavy,0.68,25,24/25/26,0.00,0.00
short_bow,Q4,mod,near,none,0.00,10,9/10/11,2.68,2.63
short_bow,Q4,mod,near,light,0.28,10,9/10/11,2.53,2.48
short_bow,Q4,mod,near,medium,0.48,10,9/10/11,2.42,2.38
short_bow,Q4,mod,near,heavy,0.68,10,9/10/11,2.32,2.27
short_bow,Q4,mod,mid,none,0.00,18,17/18/19,1.53,0.00
short_bow,Q4,mod,mid,light,0.28,18,17/18/19,1.45,0.00
short_bow,Q4,mod,mid,medium,0.48,18,17/18/19,1.39,0.00
short_bow,Q4,mod,mid,heavy,0.68,18,17/18/19,1.32,0.00
short_bow,Q4,mod,far,none,0.00,22,21/22/23,0.00,0.00
short_bow,Q4,mod,far,light,0.28,22,21/22/23,0.00,0.00
short_bow,Q4,mod,far,medium,0.48,22,21/22/23,0.00,0.00
short_bow,Q4,mod,far,heavy,0.68,22,21/22/23,0.00,0.00
short_bow,Q4,mod,ultra_far,none,0.00,25,24/25/26,0.00,0.00
short_bow,Q4,mod,ultra_far,light,0.28,25,24/25/26,0.00,0.00
short_bow,Q4,mod,ultra_far,medium,0.48,25,24/25/26,0.00,0.00
short_bow,Q4,mod,ultra_far,heavy,0.68,25,24/25/26,0.00,0.00
short_bow,Q5,vanilla,near,none,0.00,10,9/10/11,2.08,2.05
short_bow,Q5,vanilla,near,light,0.28,10,9/10/11,1.97,1.94
short_bow,Q5,vanilla,near,medium,0.48,10,9/10/11,1.88,1.85
short_bow,Q5,vanilla,near,heavy,0.68,10,9/10/11,1.80,1.77
short_bow,Q5,vanilla,mid,none,0.00,18,17/18/19,1.22,0.00
short_bow,Q5,vanilla,mid,light,0.28,18,17/18/19,1.15,0.00
short_bow,Q5,vanilla,mid,medium,0.48,18,17/18/19,1.10,0.00
short_bow,Q5,vanilla,mid,heavy,0.68,18,17/18/19,1.05,0.00
short_bow,Q5,vanilla,far,none,0.00,22,21/22/23,0.00,0.00
short_bow,Q5,vanilla,far,light,0.28,22,21/22/23,0.00,0.00
short_bow,Q5,vanilla,far,medium,0.48,22,21/22/23,0.00,0.00
short_bow,Q5,vanilla,far,heavy,0.68,22,21/22/23,0.00,0.00
short_bow,Q5,vanilla,ultra_far,none,0.00,25,24/25/26,0.00,0.00
short_bow,Q5,vanilla,ultra_far,light,0.28,25,24/25/26,0.00,0.00
short_bow,Q5,vanilla,ultra_far,medium,0.48,25,24/25/26,0.00,0.00
short_bow,Q5,vanilla,ultra_far,heavy,0.68,25,24/25/26,0.00,0.00
short_bow,Q5,mod,near,none,0.00,10,9/10/11,3.00,2.95
short_bow,Q5,mod,near,light,0.28,10,9/10/11,2.83,2.78
short_bow,Q5,mod,near,medium,0.48,10,9/10/11,2.71,2.67
short_bow,Q5,mod,near,heavy,0.68,10,9/10/11,2.59,2.55
short_bow,Q5,mod,mid,none,0.00,18,17/18/19,1.75,0.00
short_bow,Q5,mod,mid,light,0.28,18,17/18/19,1.66,0.00
short_bow,Q5,mod,mid,medium,0.48,18,17/18/19,1.59,0.00
short_bow,Q5,mod,mid,heavy,0.68,18,17/18/19,1.52,0.00
short_bow,Q5,mod,far,none,0.00,22,21/22/23,0.00,0.00
short_bow,Q5,mod,far,light,0.28,22,21/22/23,0.00,0.00
short_bow,Q5,mod,far,medium,0.48,22,21/22/23,0.00,0.00
short_bow,Q5,mod,far,heavy,0.68,22,21/22/23,0.00,0.00
short_bow,Q5,mod,ultra_far,none,0.00,25,24/25/26,0.00,0.00
short_bow,Q5,mod,ultra_far,light,0.28,25,24/25/26,0.00,0.00
short_bow,Q5,mod,ultra_far,medium,0.48,25,24/25/26,0.00,0.00
short_bow,Q5,mod,ultra_far,heavy,0.68,25,24/25/26,0.00,0.00
short_bow,Q6,vanilla,near,none,0.00,10,9/10/11,2.13,2.10
short_bow,Q6,vanilla,near,light,0.28,10,9/10/11,2.01,1.99
short_bow,Q6,vanilla,near,medium,0.48,10,9/10/11,1.93,1.90
short_bow,Q6,vanilla,near,heavy,0.68,10,9/10/11,1.84,1.82
short_bow,Q6,vanilla,mid,none,0.00,18,17/18/19,1.28,0.00
short_bow,Q6,vanilla,mid,light,0.28,18,17/18/19,1.21,0.00
short_bow,Q6,vanilla,mid,medium,0.48,18,17/18/19,1.15,0.00
short_bow,Q6,vanilla,mid,heavy,0.68,18,17/18/19,1.10,0.00
short_bow,Q6,vanilla,far,none,0.00,22,21/22/23,0.00,0.00
short_bow,Q6,vanilla,far,light,0.28,22,21/22/23,0.00,0.00
short_bow,Q6,vanilla,far,medium,0.48,22,21/22/23,0.00,0.00
short_bow,Q6,vanilla,far,heavy,0.68,22,21/22/23,0.00,0.00
short_bow,Q6,vanilla,ultra_far,none,0.00,25,24/25/26,0.00,0.00
short_bow,Q6,vanilla,ultra_far,light,0.28,25,24/25/26,0.00,0.00
short_bow,Q6,vanilla,ultra_far,medium,0.48,25,24/25/26,0.00,0.00
short_bow,Q6,vanilla,ultra_far,heavy,0.68,25,24/25/26,0.00,0.00
short_bow,Q6,mod,near,none,0.00,10,9/10/11,3.38,3.33
short_bow,Q6,mod,near,light,0.28,10,9/10/11,3.19,3.15
short_bow,Q6,mod,near,medium,0.48,10,9/10/11,3.05,3.01
short_bow,Q6,mod,near,heavy,0.68,10,9/10/11,2.92,2.88
short_bow,Q6,mod,mid,none,0.00,18,17/18/19,3.01,2.96
short_bow,Q6,mod,mid,light,0.28,18,17/18/19,2.84,2.80
short_bow,Q6,mod,mid,medium,0.48,18,17/18/19,2.72,2.68
short_bow,Q6,mod,mid,heavy,0.68,18,17/18/19,2.60,2.56
short_bow,Q6,mod,far,none,0.00,22,21/22/23,0.00,0.00
short_bow,Q6,mod,far,light,0.28,22,21/22/23,0.00,0.00
short_bow,Q6,mod,far,medium,0.48,22,21/22/23,0.00,0.00
short_bow,Q6,mod,far,heavy,0.68,22,21/22/23,0.00,0.00
short_bow,Q6,mod,ultra_far,none,0.00,25,24/25/26,0.00,0.00
short_bow,Q6,mod,ultra_far,light,0.28,25,24/25/26,0.00,0.00
short_bow,Q6,mod,ultra_far,medium,0.48,25,24/25/26,0.00,0.00
short_bow,Q6,mod,ultra_far,heavy,0.68,25,24/25/26,0.00,0.00
war_bow,Q1,vanilla,near,none,0.00,10,9/10/11,2.22,2.06
war_bow,Q1,vanilla,near,light,0.28,10,9/10/11,2.10,1.95
war_bow,Q1,vanilla,near,medium,0.48,10,9/10/11,2.01,1.86
war_bow,Q1,vanilla,near,heavy,0.68,10,9/10/11,1.92,1.78
war_bow,Q1,vanilla,mid,none,0.00,18,17/18/19,0.67,0.00
war_bow,Q1,vanilla,mid,light,0.28,18,17/18/19,0.64,0.00
war_bow,Q1,vanilla,mid,medium,0.48,18,17/18/19,0.61,0.00
war_bow,Q1,vanilla,mid,heavy,0.68,18,17/18/19,0.58,0.00
war_bow,Q1,vanilla,far,none,0.00,22,21/22/23,0.00,0.00
war_bow,Q1,vanilla,far,light,0.28,22,21/22/23,0.00,0.00
war_bow,Q1,vanilla,far,medium,0.48,22,21/22/23,0.00,0.00
war_bow,Q1,vanilla,far,heavy,0.68,22,21/22/23,0.00,0.00
war_bow,Q1,vanilla,ultra_far,none,0.00,25,24/25/26,0.00,0.00
war_bow,Q1,vanilla,ultra_far,light,0.28,25,24/25/26,0.00,0.00
war_bow,Q1,vanilla,ultra_far,medium,0.48,25,24/25/26,0.00,0.00
war_bow,Q1,vanilla,ultra_far,heavy,0.68,25,24/25/26,0.00,0.00
war_bow,Q1,mod,near,none,0.00,10,9/10/11,2.08,1.93
war_bow,Q1,mod,near,light,0.28,10,9/10/11,1.97,1.82
war_bow,Q1,mod,near,medium,0.48,10,9/10/11,1.88,1.74
war_bow,Q1,mod,near,heavy,0.68,10,9/10/11,1.80,1.67
war_bow,Q1,mod,mid,none,0.00,18,17/18/19,0.87,0.72
war_bow,Q1,mod,mid,light,0.28,18,17/18/19,0.82,0.68
war_bow,Q1,mod,mid,medium,0.48,18,17/18/19,0.79,0.65
war_bow,Q1,mod,mid,heavy,0.68,18,17/18/19,0.75,0.62
war_bow,Q1,mod,far,none,0.00,22,21/22/23,0.00,0.00
war_bow,Q1,mod,far,light,0.28,22,21/22/23,0.00,0.00
war_bow,Q1,mod,far,medium,0.48,22,21/22/23,0.00,0.00
war_bow,Q1,mod,far,heavy,0.68,22,21/22/23,0.00,0.00
war_bow,Q1,mod,ultra_far,none,0.00,25,24/25/26,0.00,0.00
war_bow,Q1,mod,ultra_far,light,0.28,25,24/25/26,0.00,0.00
war_bow,Q1,mod,ultra_far,medium,0.48,25,24/25/26,0.00,0.00
war_bow,Q1,mod,ultra_far,heavy,0.68,25,24/25/26,0.00,0.00
war_bow,Q2,vanilla,near,none,0.00,10,9/10/11,2.75,2.63
war_bow,Q2,vanilla,near,light,0.28,10,9/10/11,2.59,2.48
war_bow,Q2,vanilla,near,medium,0.48,10,9/10/11,2.48,2.37
war_bow,Q2,vanilla,near,heavy,0.68,10,9/10/11,2.37,2.27
war_bow,Q2,vanilla,mid,none,0.00,18,17/18/19,1.23,0.00
war_bow,Q2,vanilla,mid,light,0.28,18,17/18/19,1.16,0.00
war_bow,Q2,vanilla,mid,medium,0.48,18,17/18/19,1.11,0.00
war_bow,Q2,vanilla,mid,heavy,0.68,18,17/18/19,1.06,0.00
war_bow,Q2,vanilla,far,none,0.00,22,21/22/23,0.00,0.00
war_bow,Q2,vanilla,far,light,0.28,22,21/22/23,0.00,0.00
war_bow,Q2,vanilla,far,medium,0.48,22,21/22/23,0.00,0.00
war_bow,Q2,vanilla,far,heavy,0.68,22,21/22/23,0.00,0.00
war_bow,Q2,vanilla,ultra_far,none,0.00,25,24/25/26,0.00,0.00
war_bow,Q2,vanilla,ultra_far,light,0.28,25,24/25/26,0.00,0.00
war_bow,Q2,vanilla,ultra_far,medium,0.48,25,24/25/26,0.00,0.00
war_bow,Q2,vanilla,ultra_far,heavy,0.68,25,24/25/26,0.00,0.00
war_bow,Q2,mod,near,none,0.00,10,9/10/11,2.68,2.57
war_bow,Q2,mod,near,light,0.28,10,9/10/11,2.53,2.42
war_bow,Q2,mod,near,medium,0.48,10,9/10/11,2.43,2.32
war_bow,Q2,mod,near,heavy,0.68,10,9/10/11,2.32,2.22
war_bow,Q2,mod,mid,none,0.00,18,17/18/19,1.74,1.62
war_bow,Q2,mod,mid,light,0.28,18,17/18/19,1.64,1.53
war_bow,Q2,mod,mid,medium,0.48,18,17/18/19,1.57,1.46
war_bow,Q2,mod,mid,heavy,0.68,18,17/18/19,1.50,1.40
war_bow,Q2,mod,far,none,0.00,22,21/22/23,0.00,0.00
war_bow,Q2,mod,far,light,0.28,22,21/22/23,0.00,0.00
war_bow,Q2,mod,far,medium,0.48,22,21/22/23,0.00,0.00
war_bow,Q2,mod,far,heavy,0.68,22,21/22/23,0.00,0.00
war_bow,Q2,mod,ultra_far,none,0.00,25,24/25/26,0.00,0.00
war_bow,Q2,mod,ultra_far,light,0.28,25,24/25/26,0.00,0.00
war_bow,Q2,mod,ultra_far,medium,0.48,25,24/25/26,0.00,0.00
war_bow,Q2,mod,ultra_far,heavy,0.68,25,24/25/26,0.00,0.00
war_bow,Q3,vanilla,near,none,0.00,10,9/10/11,3.23,3.15
war_bow,Q3,vanilla,near,light,0.28,10,9/10/11,3.05,2.98
war_bow,Q3,vanilla,near,medium,0.48,10,9/10/11,2.92,2.85
war_bow,Q3,vanilla,near,heavy,0.68,10,9/10/11,2.79,2.72
war_bow,Q3,vanilla,mid,none,0.00,18,17/18/19,1.75,0.00
war_bow,Q3,vanilla,mid,light,0.28,18,17/18/19,1.65,0.00
war_bow,Q3,vanilla,mid,medium,0.48,18,17/18/19,1.58,0.00
war_bow,Q3,vanilla,mid,heavy,0.68,18,17/18/19,1.51,0.00
war_bow,Q3,vanilla,far,none,0.00,22,21/22/23,0.00,0.00
war_bow,Q3,vanilla,far,light,0.28,22,21/22/23,0.00,0.00
war_bow,Q3,vanilla,far,medium,0.48,22,21/22/23,0.00,0.00
war_bow,Q3,vanilla,far,heavy,0.68,22,21/22/23,0.00,0.00
war_bow,Q3,vanilla,ultra_far,none,0.00,25,24/25/26,0.00,0.00
war_bow,Q3,vanilla,ultra_far,light,0.28,25,24/25/26,0.00,0.00
war_bow,Q3,vanilla,ultra_far,medium,0.48,25,24/25/26,0.00,0.00
war_bow,Q3,vanilla,ultra_far,heavy,0.68,25,24/25/26,0.00,0.00
war_bow,Q3,mod,near,none,0.00,10,9/10/11,3.32,3.24
war_bow,Q3,mod,near,light,0.28,10,9/10/11,3.14,3.06
war_bow,Q3,mod,near,medium,0.48,10,9/10/11,3.00,2.93
war_bow,Q3,mod,near,heavy,0.68,10,9/10/11,2.87,2.80
war_bow,Q3,mod,mid,none,0.00,18,17/18/19,2.66,2.57
war_bow,Q3,mod,mid,light,0.28,18,17/18/19,2.51,2.43
war_bow,Q3,mod,mid,medium,0.48,18,17/18/19,2.40,2.33
war_bow,Q3,mod,mid,heavy,0.68,18,17/18/19,2.30,2.22
war_bow,Q3,mod,far,none,0.00,22,21/22/23,0.00,0.00
war_bow,Q3,mod,far,light,0.28,22,21/22/23,0.00,0.00
war_bow,Q3,mod,far,medium,0.48,22,21/22/23,0.00,0.00
war_bow,Q3,mod,far,heavy,0.68,22,21/22/23,0.00,0.00
war_bow,Q3,mod,ultra_far,none,0.00,25,24/25/26,0.00,0.00
war_bow,Q3,mod,ultra_far,light,0.28,25,24/25/26,0.00,0.00
war_bow,Q3,mod,ultra_far,medium,0.48,25,24/25/26,0.00,0.00
war_bow,Q3,mod,ultra_far,heavy,0.68,25,24/25/26,0.00,0.00
war_bow,Q4,vanilla,near,none,0.00,10,9/10/11,3.39,3.33
war_bow,Q4,vanilla,near,light,0.28,10,9/10/11,3.20,3.14
war_bow,Q4,vanilla,near,medium,0.48,10,9/10/11,3.07,3.01
war_bow,Q4,vanilla,near,heavy,0.68,10,9/10/11,2.93,2.88
war_bow,Q4,vanilla,mid,none,0.00,18,17/18/19,1.94,0.00
war_bow,Q4,vanilla,mid,light,0.28,18,17/18/19,1.83,0.00
war_bow,Q4,vanilla,mid,medium,0.48,18,17/18/19,1.75,0.00
war_bow,Q4,vanilla,mid,heavy,0.68,18,17/18/19,1.68,0.00
war_bow,Q4,vanilla,far,none,0.00,22,21/22/23,0.00,0.00
war_bow,Q4,vanilla,far,light,0.28,22,21/22/23,0.00,0.00
war_bow,Q4,vanilla,far,medium,0.48,22,21/22/23,0.00,0.00
war_bow,Q4,vanilla,far,heavy,0.68,22,21/22/23,0.00,0.00
war_bow,Q4,vanilla,ultra_far,none,0.00,25,24/25/26,0.00,0.00
war_bow,Q4,vanilla,ultra_far,light,0.28,25,24/25/26,0.00,0.00
war_bow,Q4,vanilla,ultra_far,medium,0.48,25,24/25/26,0.00,0.00
war_bow,Q4,vanilla,ultra_far,heavy,0.68,25,24/25/26,0.00,0.00
war_bow,Q4,mod,near,none,0.00,10,9/10/11,3.74,3.67
war_bow,Q4,mod,near,light,0.28,10,9/10/11,3.53,3.46
war_bow,Q4,mod,near,medium,0.48,10,9/10/11,3.38,3.32
war_bow,Q4,mod,near,heavy,0.68,10,9/10/11,3.23,3.17
war_bow,Q4,mod,mid,none,0.00,18,17/18/19,3.17,3.10
war_bow,Q4,mod,mid,light,0.28,18,17/18/19,2.99,2.93
war_bow,Q4,mod,mid,medium,0.48,18,17/18/19,2.87,2.80
war_bow,Q4,mod,mid,heavy,0.68,18,17/18/19,2.74,2.68
war_bow,Q4,mod,far,none,0.00,22,21/22/23,0.00,0.00
war_bow,Q4,mod,far,light,0.28,22,21/22/23,0.00,0.00
war_bow,Q4,mod,far,medium,0.48,22,21/22/23,0.00,0.00
war_bow,Q4,mod,far,heavy,0.68,22,21/22/23,0.00,0.00
war_bow,Q4,mod,ultra_far,none,0.00,25,24/25/26,0.00,0.00
war_bow,Q4,mod,ultra_far,light,0.28,25,24/25/26,0.00,0.00
war_bow,Q4,mod,ultra_far,medium,0.48,25,24/25/26,0.00,0.00
war_bow,Q4,mod,ultra_far,heavy,0.68,25,24/25/26,0.00,0.00
war_bow,Q5,vanilla,near,none,0.00,10,9/10/11,3.47,3.42
war_bow,Q5,vanilla,near,light,0.28,10,9/10/11,3.28,3.23
war_bow,Q5,vanilla,near,medium,0.48,10,9/10/11,3.14,3.09
war_bow,Q5,vanilla,near,heavy,0.68,10,9/10/11,3.00,2.95
war_bow,Q5,vanilla,mid,none,0.00,18,17/18/19,2.03,0.00
war_bow,Q5,vanilla,mid,light,0.28,18,17/18/19,1.92,0.00
war_bow,Q5,vanilla,mid,medium,0.48,18,17/18/19,1.84,0.00
war_bow,Q5,vanilla,mid,heavy,0.68,18,17/18/19,1.76,0.00
war_bow,Q5,vanilla,far,none,0.00,22,21/22/23,0.00,0.00
war_bow,Q5,vanilla,far,light,0.28,22,21/22/23,0.00,0.00
war_bow,Q5,vanilla,far,medium,0.48,22,21/22/23,0.00,0.00
war_bow,Q5,vanilla,far,heavy,0.68,22,21/22/23,0.00,0.00
war_bow,Q5,vanilla,ultra_far,none,0.00,25,24/25/26,0.00,0.00
war_bow,Q5,vanilla,ultra_far,light,0.28,25,24/25/26,0.00,0.00
war_bow,Q5,vanilla,ultra_far,medium,0.48,25,24/25/26,0.00,0.00
war_bow,Q5,vanilla,ultra_far,heavy,0.68,25,24/25/26,0.00,0.00
war_bow,Q5,mod,near,none,0.00,10,9/10/11,4.18,4.11
war_bow,Q5,mod,near,light,0.28,10,9/10/11,3.95,3.88
war_bow,Q5,mod,near,medium,0.48,10,9/10/11,3.78,3.72
war_bow,Q5,mod,near,heavy,0.68,10,9/10/11,3.61,3.55
war_bow,Q5,mod,mid,none,0.00,18,17/18/19,3.64,3.57
war_bow,Q5,mod,mid,light,0.28,18,17/18/19,3.43,3.37
war_bow,Q5,mod,mid,medium,0.48,18,17/18/19,3.29,3.23
war_bow,Q5,mod,mid,heavy,0.68,18,17/18/19,3.14,3.08
war_bow,Q5,mod,far,none,0.00,22,21/22/23,0.00,0.00
war_bow,Q5,mod,far,light,0.28,22,21/22/23,0.00,0.00
war_bow,Q5,mod,far,medium,0.48,22,21/22/23,0.00,0.00
war_bow,Q5,mod,far,heavy,0.68,22,21/22/23,0.00,0.00
war_bow,Q5,mod,ultra_far,none,0.00,25,24/25/26,0.00,0.00
war_bow,Q5,mod,ultra_far,light,0.28,25,24/25/26,0.00,0.00
war_bow,Q5,mod,ultra_far,medium,0.48,25,24/25/26,0.00,0.00
war_bow,Q5,mod,ultra_far,heavy,0.68,25,24/25/26,0.00,0.00
war_bow,Q6,vanilla,near,none,0.00,10,9/10/11,3.56,3.51
war_bow,Q6,vanilla,near,light,0.28,10,9/10/11,3.36,3.31
war_bow,Q6,vanilla,near,medium,0.48,10,9/10/11,3.21,3.17
war_bow,Q6,vanilla,near,heavy,0.68,10,9/10/11,3.07,3.03
war_bow,Q6,vanilla,mid,none,0.00,18,17/18/19,2.13,0.00
war_bow,Q6,vanilla,mid,light,0.28,18,17/18/19,2.01,0.00
war_bow,Q6,vanilla,mid,medium,0.48,18,17/18/19,1.92,0.00
war_bow,Q6,vanilla,mid,heavy,0.68,18,17/18/19,1.84,0.00
war_bow,Q6,vanilla,far,none,0.00,22,21/22/23,0.00,0.00
war_bow,Q6,vanilla,far,light,0.28,22,21/22/23,0.00,0.00
war_bow,Q6,vanilla,far,medium,0.48,22,21/22/23,0.00,0.00
war_bow,Q6,vanilla,far,heavy,0.68,22,21/22/23,0.00,0.00
war_bow,Q6,vanilla,ultra_far,none,0.00,25,24/25/26,0.00,0.00
war_bow,Q6,vanilla,ultra_far,light,0.28,25,24/25/26,0.00,0.00
war_bow,Q6,vanilla,ultra_far,medium,0.48,25,24/25/26,0.00,0.00
war_bow,Q6,vanilla,ultra_far,heavy,0.68,25,24/25/26,0.00,0.00
war_bow,Q6,mod,near,none,0.00,10,9/10/11,4.71,4.65
war_bow,Q6,mod,near,light,0.28,10,9/10/11,4.45,4.39
war_bow,Q6,mod,near,medium,0.48,10,9/10/11,4.26,4.20
war_bow,Q6,mod,near,heavy,0.68,10,9/10/11,4.07,4.02
war_bow,Q6,mod,mid,none,0.00,18,17/18/19,4.20,4.13
war_bow,Q6,mod,mid,light,0.28,18,17/18/19,3.96,3.90
war_bow,Q6,mod,mid,medium,0.48,18,17/18/19,3.80,3.74
war_bow,Q6,mod,mid,heavy,0.68,18,17/18/19,3.63,3.57
war_bow,Q6,mod,far,none,0.00,22,21/22/23,0.00,0.00
war_bow,Q6,mod,far,light,0.28,22,21/22/23,0.00,0.00
war_bow,Q6,mod,far,medium,0.48,22,21/22/23,0.00,0.00
war_bow,Q6,mod,far,heavy,0.68,22,21/22/23,0.00,0.00
war_bow,Q6,mod,ultra_far,none,0.00,25,24/25/26,0.00,0.00
war_bow,Q6,mod,ultra_far,light,0.28,25,24/25/26,0.00,0.00
war_bow,Q6,mod,ultra_far,medium,0.48,25,24/25/26,0.00,0.00
war_bow,Q6,mod,ultra_far,heavy,0.68,25,24/25/26,0.00,0.00
curved_bow,Q1,vanilla,near,none,0.00,10,9/10/11,2.67,2.47
curved_bow,Q1,vanilla,near,light,0.28,10,9/10/11,2.52,2.33
curved_bow,Q1,vanilla,near,medium,0.48,10,9/10/11,2.41,2.24
curved_bow,Q1,vanilla,near,heavy,0.68,10,9/10/11,2.30,2.14
curved_bow,Q1,vanilla,mid,none,0.00,18,17/18/19,0.81,0.00
curved_bow,Q1,vanilla,mid,light,0.28,18,17/18/19,0.76,0.00
curved_bow,Q1,vanilla,mid,medium,0.48,18,17/18/19,0.73,0.00
curved_bow,Q1,vanilla,mid,heavy,0.68,18,17/18/19,0.70,0.00
curved_bow,Q1,vanilla,far,none,0.00,22,21/22/23,0.00,0.00
curved_bow,Q1,vanilla,far,light,0.28,22,21/22/23,0.00,0.00
curved_bow,Q1,vanilla,far,medium,0.48,22,21/22/23,0.00,0.00
curved_bow,Q1,vanilla,far,heavy,0.68,22,21/22/23,0.00,0.00
curved_bow,Q1,vanilla,ultra_far,none,0.00,25,24/25/26,0.00,0.00
curved_bow,Q1,vanilla,ultra_far,light,0.28,25,24/25/26,0.00,0.00
curved_bow,Q1,vanilla,ultra_far,medium,0.48,25,24/25/26,0.00,0.00
curved_bow,Q1,vanilla,ultra_far,heavy,0.68,25,24/25/26,0.00,0.00
curved_bow,Q1,mod,near,none,0.00,10,9/10/11,2.28,2.11
curved_bow,Q1,mod,near,light,0.28,10,9/10/11,2.15,1.99
curved_bow,Q1,mod,near,medium,0.48,10,9/10/11,2.06,1.91
curved_bow,Q1,mod,near,heavy,0.68,10,9/10/11,1.97,1.82
curved_bow,Q1,mod,mid,none,0.00,18,17/18/19,0.95,0.79
curved_bow,Q1,mod,mid,light,0.28,18,17/18/19,0.90,0.74
curved_bow,Q1,mod,mid,medium,0.48,18,17/18/19,0.86,0.71
curved_bow,Q1,mod,mid,heavy,0.68,18,17/18/19,0.82,0.68
curved_bow,Q1,mod,far,none,0.00,22,21/22/23,0.15,0.00
curved_bow,Q1,mod,far,light,0.28,22,21/22/23,0.14,0.00
curved_bow,Q1,mod,far,medium,0.48,22,21/22/23,0.14,0.00
curved_bow,Q1,mod,far,heavy,0.68,22,21/22/23,0.13,0.00
curved_bow,Q1,mod,ultra_far,none,0.00,25,24/25/26,0.00,0.00
curved_bow,Q1,mod,ultra_far,light,0.28,25,24/25/26,0.00,0.00
curved_bow,Q1,mod,ultra_far,medium,0.48,25,24/25/26,0.00,0.00
curved_bow,Q1,mod,ultra_far,heavy,0.68,25,24/25/26,0.00,0.00
curved_bow,Q2,vanilla,near,none,0.00,10,9/10/11,3.30,3.15
curved_bow,Q2,vanilla,near,light,0.28,10,9/10/11,3.11,2.98
curved_bow,Q2,vanilla,near,medium,0.48,10,9/10/11,2.98,2.85
curved_bow,Q2,vanilla,near,heavy,0.68,10,9/10/11,2.85,2.72
curved_bow,Q2,vanilla,mid,none,0.00,18,17/18/19,1.47,0.00
curved_bow,Q2,vanilla,mid,light,0.28,18,17/18/19,1.39,0.00
curved_bow,Q2,vanilla,mid,medium,0.48,18,17/18/19,1.33,0.00
curved_bow,Q2,vanilla,mid,heavy,0.68,18,17/18/19,1.27,0.00
curved_bow,Q2,vanilla,far,none,0.00,22,21/22/23,0.00,0.00
curved_bow,Q2,vanilla,far,light,0.28,22,21/22/23,0.00,0.00
curved_bow,Q2,vanilla,far,medium,0.48,22,21/22/23,0.00,0.00
curved_bow,Q2,vanilla,far,heavy,0.68,22,21/22/23,0.00,0.00
curved_bow,Q2,vanilla,ultra_far,none,0.00,25,24/25/26,0.00,0.00
curved_bow,Q2,vanilla,ultra_far,light,0.28,25,24/25/26,0.00,0.00
curved_bow,Q2,vanilla,ultra_far,medium,0.48,25,24/25/26,0.00,0.00
curved_bow,Q2,vanilla,ultra_far,heavy,0.68,25,24/25/26,0.00,0.00
curved_bow,Q2,mod,near,none,0.00,10,9/10/11,2.93,2.80
curved_bow,Q2,mod,near,light,0.28,10,9/10/11,2.77,2.65
curved_bow,Q2,mod,near,medium,0.48,10,9/10/11,2.65,2.54
curved_bow,Q2,mod,near,heavy,0.68,10,9/10/11,2.54,2.42
curved_bow,Q2,mod,mid,none,0.00,18,17/18/19,1.90,1.77
curved_bow,Q2,mod,mid,light,0.28,18,17/18/19,1.79,1.67
curved_bow,Q2,mod,mid,medium,0.48,18,17/18/19,1.72,1.60
curved_bow,Q2,mod,mid,heavy,0.68,18,17/18/19,1.64,1.53
curved_bow,Q2,mod,far,none,0.00,22,21/22/23,0.50,0.00
curved_bow,Q2,mod,far,light,0.28,22,21/22/23,0.48,0.00
curved_bow,Q2,mod,far,medium,0.48,22,21/22/23,0.46,0.00
curved_bow,Q2,mod,far,heavy,0.68,22,21/22/23,0.43,0.00
curved_bow,Q2,mod,ultra_far,none,0.00,25,24/25/26,0.00,0.00
curved_bow,Q2,mod,ultra_far,light,0.28,25,24/25/26,0.00,0.00
curved_bow,Q2,mod,ultra_far,medium,0.48,25,24/25/26,0.00,0.00
curved_bow,Q2,mod,ultra_far,heavy,0.68,25,24/25/26,0.00,0.00
curved_bow,Q3,vanilla,near,none,0.00,10,9/10/11,3.88,3.78
curved_bow,Q3,vanilla,near,light,0.28,10,9/10/11,3.66,3.57
curved_bow,Q3,vanilla,near,medium,0.48,10,9/10/11,3.51,3.42
curved_bow,Q3,vanilla,near,heavy,0.68,10,9/10/11,3.35,3.27
curved_bow,Q3,vanilla,mid,none,0.00,18,17/18/19,2.10,0.00
curved_bow,Q3,vanilla,mid,light,0.28,18,17/18/19,1.98,0.00
curved_bow,Q3,vanilla,mid,medium,0.48,18,17/18/19,1.90,0.00
curved_bow,Q3,vanilla,mid,heavy,0.68,18,17/18/19,1.82,0.00
curved_bow,Q3,vanilla,far,none,0.00,22,21/22/23,0.00,0.00
curved_bow,Q3,vanilla,far,light,0.28,22,21/22/23,0.00,0.00
curved_bow,Q3,vanilla,far,medium,0.48,22,21/22/23,0.00,0.00
curved_bow,Q3,vanilla,far,heavy,0.68,22,21/22/23,0.00,0.00
curved_bow,Q3,vanilla,ultra_far,none,0.00,25,24/25/26,0.00,0.00
curved_bow,Q3,vanilla,ultra_far,light,0.28,25,24/25/26,0.00,0.00
curved_bow,Q3,vanilla,ultra_far,medium,0.48,25,24/25/26,0.00,0.00
curved_bow,Q3,vanilla,ultra_far,heavy,0.68,25,24/25/26,0.00,0.00
curved_bow,Q3,mod,near,none,0.00,10,9/10/11,3.63,3.54
curved_bow,Q3,mod,near,light,0.28,10,9/10/11,3.43,3.34
curved_bow,Q3,mod,near,medium,0.48,10,9/10/11,3.28,3.20
curved_bow,Q3,mod,near,heavy,0.68,10,9/10/11,3.14,3.06
curved_bow,Q3,mod,mid,none,0.00,18,17/18/19,2.91,2.82
curved_bow,Q3,mod,mid,light,0.28,18,17/18/19,2.74,2.66
curved_bow,Q3,mod,mid,medium,0.48,18,17/18/19,2.63,2.54
curved_bow,Q3,mod,mid,heavy,0.68,18,17/18/19,2.51,2.43
curved_bow,Q3,mod,far,none,0.00,22,21/22/23,0.88,0.00
curved_bow,Q3,mod,far,light,0.28,22,21/22/23,0.83,0.00
curved_bow,Q3,mod,far,medium,0.48,22,21/22/23,0.79,0.00
curved_bow,Q3,mod,far,heavy,0.68,22,21/22/23,0.76,0.00
curved_bow,Q3,mod,ultra_far,none,0.00,25,24/25/26,0.00,0.00
curved_bow,Q3,mod,ultra_far,light,0.28,25,24/25/26,0.00,0.00
curved_bow,Q3,mod,ultra_far,medium,0.48,25,24/25/26,0.00,0.00
curved_bow,Q3,mod,ultra_far,heavy,0.68,25,24/25/26,0.00,0.00
curved_bow,Q4,vanilla,near,none,0.00,10,9/10/11,4.07,4.00
curved_bow,Q4,vanilla,near,light,0.28,10,9/10/11,3.84,3.77
curved_bow,Q4,vanilla,near,medium,0.48,10,9/10/11,3.68,3.61
curved_bow,Q4,vanilla,near,heavy,0.68,10,9/10/11,3.52,3.45
curved_bow,Q4,vanilla,mid,none,0.00,18,17/18/19,2.33,0.00
curved_bow,Q4,vanilla,mid,light,0.28,18,17/18/19,2.20,0.00
curved_bow,Q4,vanilla,mid,medium,0.48,18,17/18/19,2.10,0.00
curved_bow,Q4,vanilla,mid,heavy,0.68,18,17/18/19,2.01,0.00
curved_bow,Q4,vanilla,far,none,0.00,22,21/22/23,0.00,0.00
curved_bow,Q4,vanilla,far,light,0.28,22,21/22/23,0.00,0.00
curved_bow,Q4,vanilla,far,medium,0.48,22,21/22/23,0.00,0.00
curved_bow,Q4,vanilla,far,heavy,0.68,22,21/22/23,0.00,0.00
curved_bow,Q4,vanilla,ultra_far,none,0.00,25,24/25/26,0.00,0.00
curved_bow,Q4,vanilla,ultra_far,light,0.28,25,24/25/26,0.00,0.00
curved_bow,Q4,vanilla,ultra_far,medium,0.48,25,24/25/26,0.00,0.00
curved_bow,Q4,vanilla,ultra_far,heavy,0.68,25,24/25/26,0.00,0.00
curved_bow,Q4,mod,near,none,0.00,10,9/10/11,4.09,4.01
curved_bow,Q4,mod,near,light,0.28,10,9/10/11,3.86,3.79
curved_bow,Q4,mod,near,medium,0.48,10,9/10/11,3.70,3.63
curved_bow,Q4,mod,near,heavy,0.68,10,9/10/11,3.53,3.47
curved_bow,Q4,mod,mid,none,0.00,18,17/18/19,3.47,3.39
curved_bow,Q4,mod,mid,light,0.28,18,17/18/19,3.27,3.20
curved_bow,Q4,mod,mid,medium,0.48,18,17/18/19,3.13,3.06
curved_bow,Q4,mod,mid,heavy,0.68,18,17/18/19,3.00,2.93
curved_bow,Q4,mod,far,none,0.00,22,21/22/23,2.13,0.00
curved_bow,Q4,mod,far,light,0.28,22,21/22/23,2.01,0.00
curved_bow,Q4,mod,far,medium,0.48,22,21/22/23,1.93,0.00
curved_bow,Q4,mod,far,heavy,0.68,22,21/22/23,1.84,0.00
curved_bow,Q4,mod,ultra_far,none,0.00,25,24/25/26,0.00,0.00
curved_bow,Q4,mod,ultra_far,light,0.28,25,24/25/26,0.00,0.00
curved_bow,Q4,mod,ultra_far,medium,0.48,25,24/25/26,0.00,0.00
curved_bow,Q4,mod,ultra_far,heavy,0.68,25,24/25/26,0.00,0.00
curved_bow,Q5,vanilla,near,none,0.00,10,9/10/11,4.17,4.10
curved_bow,Q5,vanilla,near,light,0.28,10,9/10/11,3.94,3.87
curved_bow,Q5,vanilla,near,medium,0.48,10,9/10/11,3.77,3.71
curved_bow,Q5,vanilla,near,heavy,0.68,10,9/10/11,3.60,3.54
curved_bow,Q5,vanilla,mid,none,0.00,18,17/18/19,2.44,0.00
curved_bow,Q5,vanilla,mid,light,0.28,18,17/18/19,2.30,0.00
curved_bow,Q5,vanilla,mid,medium,0.48,18,17/18/19,2.21,0.00
curved_bow,Q5,vanilla,mid,heavy,0.68,18,17/18/19,2.11,0.00
curved_bow,Q5,vanilla,far,none,0.00,22,21/22/23,0.00,0.00
curved_bow,Q5,vanilla,far,light,0.28,22,21/22/23,0.00,0.00
curved_bow,Q5,vanilla,far,medium,0.48,22,21/22/23,0.00,0.00
curved_bow,Q5,vanilla,far,heavy,0.68,22,21/22/23,0.00,0.00
curved_bow,Q5,vanilla,ultra_far,none,0.00,25,24/25/26,0.00,0.00
curved_bow,Q5,vanilla,ultra_far,light,0.28,25,24/25/26,0.00,0.00
curved_bow,Q5,vanilla,ultra_far,medium,0.48,25,24/25/26,0.00,0.00
curved_bow,Q5,vanilla,ultra_far,heavy,0.68,25,24/25/26,0.00,0.00
curved_bow,Q5,mod,near,none,0.00,10,9/10/11,4.57,4.50
curved_bow,Q5,mod,near,light,0.28,10,9/10/11,4.32,4.25
curved_bow,Q5,mod,near,medium,0.48,10,9/10/11,4.13,4.07
curved_bow,Q5,mod,near,heavy,0.68,10,9/10/11,3.95,3.89
curved_bow,Q5,mod,mid,none,0.00,18,17/18/19,3.98,3.90
curved_bow,Q5,mod,mid,light,0.28,18,17/18/19,3.75,3.68
curved_bow,Q5,mod,mid,medium,0.48,18,17/18/19,3.59,3.53
curved_bow,Q5,mod,mid,heavy,0.68,18,17/18/19,3.44,3.37
curved_bow,Q5,mod,far,none,0.00,22,21/22/23,2.48,0.00
curved_bow,Q5,mod,far,light,0.28,22,21/22/23,2.34,0.00
curved_bow,Q5,mod,far,medium,0.48,22,21/22/23,2.24,0.00
curved_bow,Q5,mod,far,heavy,0.68,22,21/22/23,2.14,0.00
curved_bow,Q5,mod,ultra_far,none,0.00,25,24/25/26,0.00,0.00
curved_bow,Q5,mod,ultra_far,light,0.28,25,24/25/26,0.00,0.00
curved_bow,Q5,mod,ultra_far,medium,0.48,25,24/25/26,0.00,0.00
curved_bow,Q5,mod,ultra_far,heavy,0.68,25,24/25/26,0.00,0.00
curved_bow,Q6,vanilla,near,none,0.00,10,9/10/11,4.27,4.21
curved_bow,Q6,vanilla,near,light,0.28,10,9/10/11,4.03,3.97
curved_bow,Q6,vanilla,near,medium,0.48,10,9/10/11,3.86,3.80
curved_bow,Q6,vanilla,near,heavy,0.68,10,9/10/11,3.69,3.64
curved_bow,Q6,vanilla,mid,none,0.00,18,17/18/19,2.55,0.00
curved_bow,Q6,vanilla,mid,light,0.28,18,17/18/19,2.41,0.00
curved_bow,Q6,vanilla,mid,medium,0.48,18,17/18/19,2.31,0.00
curved_bow,Q6,vanilla,mid,heavy,0.68,18,17/18/19,2.21,0.00
curved_bow,Q6,vanilla,far,none,0.00,22,21/22/23,0.00,0.00
curved_bow,Q6,vanilla,far,light,0.28,22,21/22/23,0.00,0.00
curved_bow,Q6,vanilla,far,medium,0.48,22,21/22/23,0.00,0.00
curved_bow,Q6,vanilla,far,heavy,0.68,22,21/22/23,0.00,0.00
curved_bow,Q6,vanilla,ultra_far,none,0.00,25,24/25/26,0.00,0.00
curved_bow,Q6,vanilla,ultra_far,light,0.28,25,24/25/26,0.00,0.00
curved_bow,Q6,vanilla,ultra_far,medium,0.48,25,24/25/26,0.00,0.00
curved_bow,Q6,vanilla,ultra_far,heavy,0.68,25,24/25/26,0.00,0.00
curved_bow,Q6,mod,near,none,0.00,10,9/10/11,5.15,5.08
curved_bow,Q6,mod,near,light,0.28,10,9/10/11,4.86,4.80
curved_bow,Q6,mod,near,medium,0.48,10,9/10/11,4.66,4.59
curved_bow,Q6,mod,near,heavy,0.68,10,9/10/11,4.45,4.39
curved_bow,Q6,mod,mid,none,0.00,18,17/18/19,4.59,4.52
curved_bow,Q6,mod,mid,light,0.28,18,17/18/19,4.33,4.27
curved_bow,Q6,mod,mid,medium,0.48,18,17/18/19,4.15,4.09
curved_bow,Q6,mod,mid,heavy,0.68,18,17/18/19,3.97,3.91
curved_bow,Q6,mod,far,none,0.00,22,21/22/23,4.31,4.24
curved_bow,Q6,mod,far,light,0.28,22,21/22/23,4.07,4.00
curved_bow,Q6,mod,far,medium,0.48,22,21/22/23,3.90,3.83
curved_bow,Q6,mod,far,heavy,0.68,22,21/22/23,3.72,3.66
curved_bow,Q6,mod,ultra_far,none,0.00,25,24/25/26,0.00,0.00
curved_bow,Q6,mod,ultra_far,light,0.28,25,24/25/26,0.00,0.00
curved_bow,Q6,mod,ultra_far,medium,0.48,25,24/25/26,0.00,0.00
curved_bow,Q6,mod,ultra_far,heavy,0.68,25,24/25/26,0.00,0.00
long_bow,Q1,vanilla,near,none,0.00,10,9/10/11,3.06,2.97
long_bow,Q1,vanilla,near,light,0.28,10,9/10/11,2.88,2.81
long_bow,Q1,vanilla,near,medium,0.48,10,9/10/11,2.76,2.69
long_bow,Q1,vanilla,near,heavy,0.68,10,9/10/11,2.64,2.57
long_bow,Q1,vanilla,mid,none,0.00,18,17/18/19,1.63,0.00
long_bow,Q1,vanilla,mid,light,0.28,18,17/18/19,1.54,0.00
long_bow,Q1,vanilla,mid,medium,0.48,18,17/18/19,1.47,0.00
long_bow,Q1,vanilla,mid,heavy,0.68,18,17/18/19,1.41,0.00
long_bow,Q1,vanilla,far,none,0.00,22,21/22/23,0.00,0.00
long_bow,Q1,vanilla,far,light,0.28,22,21/22/23,0.00,0.00
long_bow,Q1,vanilla,far,medium,0.48,22,21/22/23,0.00,0.00
long_bow,Q1,vanilla,far,heavy,0.68,22,21/22/23,0.00,0.00
long_bow,Q1,vanilla,ultra_far,none,0.00,25,24/25/26,0.00,0.00
long_bow,Q1,vanilla,ultra_far,light,0.28,25,24/25/26,0.00,0.00
long_bow,Q1,vanilla,ultra_far,medium,0.48,25,24/25/26,0.00,0.00
long_bow,Q1,vanilla,ultra_far,heavy,0.68,25,24/25/26,0.00,0.00
long_bow,Q1,mod,near,none,0.00,10,9/10/11,2.58,2.51
long_bow,Q1,mod,near,light,0.28,10,9/10/11,2.43,2.37
long_bow,Q1,mod,near,medium,0.48,10,9/10/11,2.33,2.27
long_bow,Q1,mod,near,heavy,0.68,10,9/10/11,2.23,2.17
long_bow,Q1,mod,mid,none,0.00,18,17/18/19,2.03,1.96
long_bow,Q1,mod,mid,light,0.28,18,17/18/19,1.91,1.85
long_bow,Q1,mod,mid,medium,0.48,18,17/18/19,1.83,1.77
long_bow,Q1,mod,mid,heavy,0.68,18,17/18/19,1.75,1.69
long_bow,Q1,mod,far,none,0.00,22,21/22/23,1.75,1.68
long_bow,Q1,mod,far,light,0.28,22,21/22/23,1.65,1.59
long_bow,Q1,mod,far,medium,0.48,22,21/22/23,1.58,1.52
long_bow,Q1,mod,far,heavy,0.68,22,21/22/23,1.51,1.45
long_bow,Q1,mod,ultra_far,none,0.00,25,24/25/26,0.00,0.00
long_bow,Q1,mod,ultra_far,light,0.28,25,24/25/26,0.00,0.00
long_bow,Q1,mod,ultra_far,medium,0.48,25,24/25/26,0.00,0.00
long_bow,Q1,mod,ultra_far,heavy,0.68,25,24/25/26,0.00,0.00
long_bow,Q2,vanilla,near,none,0.00,10,9/10/11,3.38,3.32
long_bow,Q2,vanilla,near,light,0.28,10,9/10/11,3.19,3.13
long_bow,Q2,vanilla,near,medium,0.48,10,9/10/11,3.06,3.00
long_bow,Q2,vanilla,near,heavy,0.68,10,9/10/11,2.92,2.87
long_bow,Q2,vanilla,mid,none,0.00,18,17/18/19,1.95,0.00
long_bow,Q2,vanilla,mid,light,0.28,18,17/18/19,1.84,0.00
long_bow,Q2,vanilla,mid,medium,0.48,18,17/18/19,1.76,0.00
long_bow,Q2,vanilla,mid,heavy,0.68,18,17/18/19,1.68,0.00
long_bow,Q2,vanilla,far,none,0.00,22,21/22/23,0.00,0.00
long_bow,Q2,vanilla,far,light,0.28,22,21/22/23,0.00,0.00
long_bow,Q2,vanilla,far,medium,0.48,22,21/22/23,0.00,0.00
long_bow,Q2,vanilla,far,heavy,0.68,22,21/22/23,0.00,0.00
long_bow,Q2,vanilla,ultra_far,none,0.00,25,24/25/26,0.00,0.00
long_bow,Q2,vanilla,ultra_far,light,0.28,25,24/25/26,0.00,0.00
long_bow,Q2,vanilla,ultra_far,medium,0.48,25,24/25/26,0.00,0.00
long_bow,Q2,vanilla,ultra_far,heavy,0.68,25,24/25/26,0.00,0.00
long_bow,Q2,mod,near,none,0.00,10,9/10/11,2.97,2.92
long_bow,Q2,mod,near,light,0.28,10,9/10/11,2.81,2.76
long_bow,Q2,mod,near,medium,0.48,10,9/10/11,2.69,2.64
long_bow,Q2,mod,near,heavy,0.68,10,9/10/11,2.57,2.52
long_bow,Q2,mod,mid,none,0.00,18,17/18/19,2.54,2.49
long_bow,Q2,mod,mid,light,0.28,18,17/18/19,2.40,2.35
long_bow,Q2,mod,mid,medium,0.48,18,17/18/19,2.30,2.25
long_bow,Q2,mod,mid,heavy,0.68,18,17/18/19,2.20,2.15
long_bow,Q2,mod,far,none,0.00,22,21/22/23,2.33,2.27
long_bow,Q2,mod,far,light,0.28,22,21/22/23,2.20,2.15
long_bow,Q2,mod,far,medium,0.48,22,21/22/23,2.10,2.06
long_bow,Q2,mod,far,heavy,0.68,22,21/22/23,2.01,1.97
long_bow,Q2,mod,ultra_far,none,0.00,25,24/25/26,0.00,0.00
long_bow,Q2,mod,ultra_far,light,0.28,25,24/25/26,0.00,0.00
long_bow,Q2,mod,ultra_far,medium,0.48,25,24/25/26,0.00,0.00
long_bow,Q2,mod,ultra_far,heavy,0.68,25,24/25/26,0.00,0.00
long_bow,Q3,vanilla,near,none,0.00,10,9/10/11,3.67,3.63
long_bow,Q3,vanilla,near,light,0.28,10,9/10/11,3.46,3.42
long_bow,Q3,vanilla,near,medium,0.48,10,9/10/11,3.31,3.28
long_bow,Q3,vanilla,near,heavy,0.68,10,9/10/11,3.17,3.13
long_bow,Q3,vanilla,mid,none,0.00,18,17/18/19,2.24,0.00
long_bow,Q3,vanilla,mid,light,0.28,18,17/18/19,2.12,0.00
long_bow,Q3,vanilla,mid,medium,0.48,18,17/18/19,2.03,0.00
long_bow,Q3,vanilla,mid,heavy,0.68,18,17/18/19,1.94,0.00
long_bow,Q3,vanilla,far,none,0.00,22,21/22/23,0.00,0.00
long_bow,Q3,vanilla,far,light,0.28,22,21/22/23,0.00,0.00
long_bow,Q3,vanilla,far,medium,0.48,22,21/22/23,0.00,0.00
long_bow,Q3,vanilla,far,heavy,0.68,22,21/22/23,0.00,0.00
long_bow,Q3,vanilla,ultra_far,none,0.00,25,24/25/26,0.00,0.00
long_bow,Q3,vanilla,ultra_far,light,0.28,25,24/25/26,0.00,0.00
long_bow,Q3,vanilla,ultra_far,medium,0.48,25,24/25/26,0.00,0.00
long_bow,Q3,vanilla,ultra_far,heavy,0.68,25,24/25/26,0.00,0.00
long_bow,Q3,mod,near,none,0.00,10,9/10/11,3.39,3.35
long_bow,Q3,mod,near,light,0.28,10,9/10/11,3.20,3.17
long_bow,Q3,mod,near,medium,0.48,10,9/10/11,3.07,3.03
long_bow,Q3,mod,near,heavy,0.68,10,9/10/11,2.93,2.90
long_bow,Q3,mod,mid,none,0.00,18,17/18/19,3.09,3.05
long_bow,Q3,mod,mid,light,0.28,18,17/18/19,2.92,2.88
long_bow,Q3,mod,mid,medium,0.48,18,17/18/19,2.79,2.76
long_bow,Q3,mod,mid,heavy,0.68,18,17/18/19,2.67,2.64
long_bow,Q3,mod,far,none,0.00,22,21/22/23,2.94,2.90
long_bow,Q3,mod,far,light,0.28,22,21/22/23,2.78,2.74
long_bow,Q3,mod,far,medium,0.48,22,21/22/23,2.66,2.62
long_bow,Q3,mod,far,heavy,0.68,22,21/22/23,2.54,2.51
long_bow,Q3,mod,ultra_far,none,0.00,25,24/25/26,0.00,0.00
long_bow,Q3,mod,ultra_far,light,0.28,25,24/25/26,0.00,0.00
long_bow,Q3,mod,ultra_far,medium,0.48,25,24/25/26,0.00,0.00
long_bow,Q3,mod,ultra_far,heavy,0.68,25,24/25/26,0.00,0.00
long_bow,Q4,vanilla,near,none,0.00,10,9/10/11,3.75,3.72
long_bow,Q4,vanilla,near,light,0.28,10,9/10/11,3.54,3.51
long_bow,Q4,vanilla,near,medium,0.48,10,9/10/11,3.39,3.36
long_bow,Q4,vanilla,near,heavy,0.68,10,9/10/11,3.24,3.21
long_bow,Q4,vanilla,mid,none,0.00,18,17/18/19,2.34,0.00
long_bow,Q4,vanilla,mid,light,0.28,18,17/18/19,2.20,0.00
long_bow,Q4,vanilla,mid,medium,0.48,18,17/18/19,2.11,0.00
long_bow,Q4,vanilla,mid,heavy,0.68,18,17/18/19,2.02,0.00
long_bow,Q4,vanilla,far,none,0.00,22,21/22/23,0.00,0.00
long_bow,Q4,vanilla,far,light,0.28,22,21/22/23,0.00,0.00
long_bow,Q4,vanilla,far,medium,0.48,22,21/22/23,0.00,0.00
long_bow,Q4,vanilla,far,heavy,0.68,22,21/22/23,0.00,0.00
long_bow,Q4,vanilla,ultra_far,none,0.00,25,24/25/26,0.00,0.00
long_bow,Q4,vanilla,ultra_far,light,0.28,25,24/25/26,0.00,0.00
long_bow,Q4,vanilla,ultra_far,medium,0.48,25,24/25/26,0.00,0.00
long_bow,Q4,vanilla,ultra_far,heavy,0.68,25,24/25/26,0.00,0.00
long_bow,Q4,mod,near,none,0.00,10,9/10/11,3.72,3.69
long_bow,Q4,mod,near,light,0.28,10,9/10/11,3.51,3.48
long_bow,Q4,mod,near,medium,0.48,10,9/10/11,3.36,3.33
long_bow,Q4,mod,near,heavy,0.68,10,9/10/11,3.21,3.19
long_bow,Q4,mod,mid,none,0.00,18,17/18/19,3.46,3.43
long_bow,Q4,mod,mid,light,0.28,18,17/18/19,3.27,3.24
long_bow,Q4,mod,mid,medium,0.48,18,17/18/19,3.13,3.10
long_bow,Q4,mod,mid,heavy,0.68,18,17/18/19,2.99,2.96
long_bow,Q4,mod,far,none,0.00,22,21/22/23,3.33,3.30
long_bow,Q4,mod,far,light,0.28,22,21/22/23,3.14,3.11
long_bow,Q4,mod,far,medium,0.48,22,21/22/23,3.01,2.98
long_bow,Q4,mod,far,heavy,0.68,22,21/22/23,2.88,2.85
long_bow,Q4,mod,ultra_far,none,0.00,25,24/25/26,1.09,0.00
long_bow,Q4,mod,ultra_far,light,0.28,25,24/25/26,1.03,0.00
long_bow,Q4,mod,ultra_far,medium,0.48,25,24/25/26,0.98,0.00
long_bow,Q4,mod,ultra_far,heavy,0.68,25,24/25/26,0.94,0.00
long_bow,Q5,vanilla,near,none,0.00,10,9/10/11,3.79,3.76
long_bow,Q5,vanilla,near,light,0.28,10,9/10/11,3.58,3.55
long_bow,Q5,vanilla,near,medium,0.48,10,9/10/11,3.43,3.40
long_bow,Q5,vanilla,near,heavy,0.68,10,9/10/11,3.27,3.25
long_bow,Q5,vanilla,mid,none,0.00,18,17/18/19,2.38,0.00
long_bow,Q5,vanilla,mid,light,0.28,18,17/18/19,2.25,0.00
long_bow,Q5,vanilla,mid,medium,0.48,18,17/18/19,2.15,0.00
long_bow,Q5,vanilla,mid,heavy,0.68,18,17/18/19,2.06,0.00
long_bow,Q5,vanilla,far,none,0.00,22,21/22/23,0.00,0.00
long_bow,Q5,vanilla,far,light,0.28,22,21/22/23,0.00,0.00
long_bow,Q5,vanilla,far,medium,0.48,22,21/22/23,0.00,0.00
long_bow,Q5,vanilla,far,heavy,0.68,22,21/22/23,0.00,0.00
long_bow,Q5,vanilla,ultra_far,none,0.00,25,24/25/26,0.00,0.00
long_bow,Q5,vanilla,ultra_far,light,0.28,25,24/25/26,0.00,0.00
long_bow,Q5,vanilla,ultra_far,medium,0.48,25,24/25/26,0.00,0.00
long_bow,Q5,vanilla,ultra_far,heavy,0.68,25,24/25/26,0.00,0.00
long_bow,Q5,mod,near,none,0.00,10,9/10/11,4.10,4.07
long_bow,Q5,mod,near,light,0.28,10,9/10/11,3.87,3.85
long_bow,Q5,mod,near,medium,0.48,10,9/10/11,3.71,3.68
long_bow,Q5,mod,near,heavy,0.68,10,9/10/11,3.55,3.52
long_bow,Q5,mod,mid,none,0.00,18,17/18/19,3.86,3.83
long_bow,Q5,mod,mid,light,0.28,18,17/18/19,3.64,3.61
long_bow,Q5,mod,mid,medium,0.48,18,17/18/19,3.49,3.46
long_bow,Q5,mod,mid,heavy,0.68,18,17/18/19,3.33,3.31
long_bow,Q5,mod,far,none,0.00,22,21/22/23,3.73,3.70
long_bow,Q5,mod,far,light,0.28,22,21/22/23,3.52,3.50
long_bow,Q5,mod,far,medium,0.48,22,21/22/23,3.37,3.35
long_bow,Q5,mod,far,heavy,0.68,22,21/22/23,3.23,3.20
long_bow,Q5,mod,ultra_far,none,0.00,25,24/25/26,1.22,0.00
long_bow,Q5,mod,ultra_far,light,0.28,25,24/25/26,1.16,0.00
long_bow,Q5,mod,ultra_far,medium,0.48,25,24/25/26,1.11,0.00
long_bow,Q5,mod,ultra_far,heavy,0.68,25,24/25/26,1.06,0.00
long_bow,Q6,vanilla,near,none,0.00,10,9/10/11,3.83,3.81
long_bow,Q6,vanilla,near,light,0.28,10,9/10/11,3.62,3.59
long_bow,Q6,vanilla,near,medium,0.48,10,9/10/11,3.46,3.44
long_bow,Q6,vanilla,near,heavy,0.68,10,9/10/11,3.31,3.29
long_bow,Q6,vanilla,mid,none,0.00,18,17/18/19,2.43,0.00
long_bow,Q6,vanilla,mid,light,0.28,18,17/18/19,2.29,0.00
long_bow,Q6,vanilla,mid,medium,0.48,18,17/18/19,2.20,0.00
long_bow,Q6,vanilla,mid,heavy,0.68,18,17/18/19,2.10,0.00
long_bow,Q6,vanilla,far,none,0.00,22,21/22/23,0.00,0.00
long_bow,Q6,vanilla,far,light,0.28,22,21/22/23,0.00,0.00
long_bow,Q6,vanilla,far,medium,0.48,22,21/22/23,0.00,0.00
long_bow,Q6,vanilla,far,heavy,0.68,22,21/22/23,0.00,0.00
long_bow,Q6,vanilla,ultra_far,none,0.00,25,24/25/26,0.00,0.00
long_bow,Q6,vanilla,ultra_far,light,0.28,25,24/25/26,0.00,0.00
long_bow,Q6,vanilla,ultra_far,medium,0.48,25,24/25/26,0.00,0.00
long_bow,Q6,vanilla,ultra_far,heavy,0.68,25,24/25/26,0.00,0.00
long_bow,Q6,mod,near,none,0.00,10,9/10/11,4.57,4.54
long_bow,Q6,mod,near,light,0.28,10,9/10/11,4.31,4.29
long_bow,Q6,mod,near,medium,0.48,10,9/10/11,4.13,4.10
long_bow,Q6,mod,near,heavy,0.68,10,9/10/11,3.95,3.92
long_bow,Q6,mod,mid,none,0.00,18,17/18/19,4.34,4.31
long_bow,Q6,mod,mid,light,0.28,18,17/18/19,4.09,4.07
long_bow,Q6,mod,mid,medium,0.48,18,17/18/19,3.92,3.89
long_bow,Q6,mod,mid,heavy,0.68,18,17/18/19,3.75,3.72
long_bow,Q6,mod,far,none,0.00,22,21/22/23,4.22,4.19
long_bow,Q6,mod,far,light,0.28,22,21/22/23,3.98,3.96
long_bow,Q6,mod,far,medium,0.48,22,21/22/23,3.81,3.79
long_bow,Q6,mod,far,heavy,0.68,22,21/22/23,3.65,3.62
long_bow,Q6,mod,ultra_far,none,0.00,25,24/25/26,2.76,0.00
long_bow,Q6,mod,ultra_far,light,0.28,25,24/25/26,2.61,0.00
long_bow,Q6,mod,ultra_far,medium,0.48,25,24/25/26,2.50,0.00
long_bow,Q6,mod,ultra_far,heavy,0.68,25,24/25/26,2.39,0.00
light_crossbow,Q1,vanilla,near,none,0.00,10,9/10/11,1.30,1.26
light_crossbow,Q1,vanilla,near,light,0.28,10,9/10/11,1.26,1.23
light_crossbow,Q1,vanilla,near,medium,0.48,10,9/10/11,1.23,1.20
light_crossbow,Q1,vanilla,near,heavy,0.68,10,9/10/11,1.21,1.18
light_crossbow,Q1,vanilla,mid,none,0.00,18,17/18/19,1.02,0.98
light_crossbow,Q1,vanilla,mid,light,0.28,18,17/18/19,0.99,0.96
light_crossbow,Q1,vanilla,mid,medium,0.48,18,17/18/19,0.97,0.94
light_crossbow,Q1,vanilla,mid,heavy,0.68,18,17/18/19,0.95,0.92
light_crossbow,Q1,vanilla,far,none,0.00,22,21/22/23,0.88,0.85
light_crossbow,Q1,vanilla,far,light,0.28,22,21/22/23,0.86,0.82
light_crossbow,Q1,vanilla,far,medium,0.48,22,21/22/23,0.84,0.81
light_crossbow,Q1,vanilla,far,heavy,0.68,22,21/22/23,0.82,0.79
light_crossbow,Q1,vanilla,ultra_far,none,0.00,25,24/25/26,0.53,0.00
light_crossbow,Q1,vanilla,ultra_far,light,0.28,25,24/25/26,0.52,0.00
light_crossbow,Q1,vanilla,ultra_far,medium,0.48,25,24/25/26,0.50,0.00
light_crossbow,Q1,vanilla,ultra_far,heavy,0.68,25,24/25/26,0.49,0.00
light_crossbow,Q1,mod,near,none,0.00,10,9/10/11,1.60,1.55
light_crossbow,Q1,mod,near,light,0.28,10,9/10/11,1.55,1.51
light_crossbow,Q1,mod,near,medium,0.48,10,9/10/11,1.52,1.48
light_crossbow,Q1,mod,near,heavy,0.68,10,9/10/11,1.49,1.45
light_crossbow,Q1,mod,mid,none,0.00,18,17/18/19,0.00,0.00
light_crossbow,Q1,mod,mid,light,0.28,18,17/18/19,0.00,0.00
light_crossbow,Q1,mod,mid,medium,0.48,18,17/18/19,0.00,0.00
light_crossbow,Q1,mod,mid,heavy,0.68,18,17/18/19,0.00,0.00
light_crossbow,Q1,mod,far,none,0.00,22,21/22/23,0.00,0.00
light_crossbow,Q1,mod,far,light,0.28,22,21/22/23,0.00,0.00
light_crossbow,Q1,mod,far,medium,0.48,22,21/22/23,0.00,0.00
light_crossbow,Q1,mod,far,heavy,0.68,22,21/22/23,0.00,0.00
light_crossbow,Q1,mod,ultra_far,none,0.00,25,24/25/26,0.00,0.00
light_crossbow,Q1,mod,ultra_far,light,0.28,25,24/25/26,0.00,0.00
light_crossbow,Q1,mod,ultra_far,medium,0.48,25,24/25/26,0.00,0.00
light_crossbow,Q1,mod,ultra_far,heavy,0.68,25,24/25/26,0.00,0.00
light_crossbow,Q2,vanilla,near,none,0.00,10,9/10/11,1.74,1.71
light_crossbow,Q2,vanilla,near,light,0.28,10,9/10/11,1.69,1.66
light_crossbow,Q2,vanilla,near,medium,0.48,10,9/10/11,1.65,1.62
light_crossbow,Q2,vanilla,near,heavy,0.68,10,9/10/11,1.62,1.59
light_crossbow,Q2,vanilla,mid,none,0.00,18,17/18/19,1.49,1.45
light_crossbow,Q2,vanilla,mid,light,0.28,18,17/18/19,1.44,1.41
light_crossbow,Q2,vanilla,mid,medium,0.48,18,17/18/19,1.41,1.38
light_crossbow,Q2,vanilla,mid,heavy,0.68,18,17/18/19,1.39,1.36
light_crossbow,Q2,vanilla,far,none,0.00,22,21/22/23,1.36,1.33
light_crossbow,Q2,vanilla,far,light,0.28,22,21/22/23,1.32,1.29
light_crossbow,Q2,vanilla,far,medium,0.48,22,21/22/23,1.30,1.27
light_crossbow,Q2,vanilla,far,heavy,0.68,22,21/22/23,1.27,1.24
light_crossbow,Q2,vanilla,ultra_far,none,0.00,25,24/25/26,0.85,0.00
light_crossbow,Q2,vanilla,ultra_far,light,0.28,25,24/25/26,0.83,0.00
light_crossbow,Q2,vanilla,ultra_far,medium,0.48,25,24/25/26,0.81,0.00
light_crossbow,Q2,vanilla,ultra_far,heavy,0.68,25,24/25/26,0.80,0.00
light_crossbow,Q2,mod,near,none,0.00,10,9/10/11,1.84,1.81
light_crossbow,Q2,mod,near,light,0.28,10,9/10/11,1.79,1.76
light_crossbow,Q2,mod,near,medium,0.48,10,9/10/11,1.75,1.72
light_crossbow,Q2,mod,near,heavy,0.68,10,9/10/11,1.72,1.69
light_crossbow,Q2,mod,mid,none,0.00,18,17/18/19,0.00,0.00
light_crossbow,Q2,mod,mid,light,0.28,18,17/18/19,0.00,0.00
light_crossbow,Q2,mod,mid,medium,0.48,18,17/18/19,0.00,0.00
light_crossbow,Q2,mod,mid,heavy,0.68,18,17/18/19,0.00,0.00
light_crossbow,Q2,mod,far,none,0.00,22,21/22/23,0.00,0.00
light_crossbow,Q2,mod,far,light,0.28,22,21/22/23,0.00,0.00
light_crossbow,Q2,mod,far,medium,0.48,22,21/22/23,0.00,0.00
light_crossbow,Q2,mod,far,heavy,0.68,22,21/22/23,0.00,0.00
light_crossbow,Q2,mod,ultra_far,none,0.00,25,24/25/26,0.00,0.00
light_crossbow,Q2,mod,ultra_far,light,0.28,25,24/25/26,0.00,0.00
light_crossbow,Q2,mod,ultra_far,medium,0.48,25,24/25/26,0.00,0.00
light_crossbow,Q2,mod,ultra_far,heavy,0.68,25,24/25/26,0.00,0.00
light_crossbow,Q3,vanilla,near,none,0.00,10,9/10/11,2.08,2.06
light_crossbow,Q3,vanilla,near,light,0.28,10,9/10/11,2.02,2.00
light_crossbow,Q3,vanilla,near,medium,0.48,10,9/10/11,1.98,1.96
light_crossbow,Q3,vanilla,near,heavy,0.68,10,9/10/11,1.94,1.92
light_crossbow,Q3,vanilla,mid,none,0.00,18,17/18/19,1.90,1.87
light_crossbow,Q3,vanilla,mid,light,0.28,18,17/18/19,1.84,1.82
light_crossbow,Q3,vanilla,mid,medium,0.48,18,17/18/19,1.80,1.78
light_crossbow,Q3,vanilla,mid,heavy,0.68,18,17/18/19,1.77,1.74
light_crossbow,Q3,vanilla,far,none,0.00,22,21/22/23,1.80,1.78
light_crossbow,Q3,vanilla,far,light,0.28,22,21/22/23,1.75,1.73
light_crossbow,Q3,vanilla,far,medium,0.48,22,21/22/23,1.72,1.69
light_crossbow,Q3,vanilla,far,heavy,0.68,22,21/22/23,1.68,1.66
light_crossbow,Q3,vanilla,ultra_far,none,0.00,25,24/25/26,1.16,0.00
light_crossbow,Q3,vanilla,ultra_far,light,0.28,25,24/25/26,1.13,0.00
light_crossbow,Q3,vanilla,ultra_far,medium,0.48,25,24/25/26,1.11,0.00
light_crossbow,Q3,vanilla,ultra_far,heavy,0.68,25,24/25/26,1.08,0.00
light_crossbow,Q3,mod,near,none,0.00,10,9/10/11,2.08,2.06
light_crossbow,Q3,mod,near,light,0.28,10,9/10/11,2.02,2.00
light_crossbow,Q3,mod,near,medium,0.48,10,9/10/11,1.98,1.96
light_crossbow,Q3,mod,near,heavy,0.68,10,9/10/11,1.94,1.92
light_crossbow,Q3,mod,mid,none,0.00,18,17/18/19,0.00,0.00
light_crossbow,Q3,mod,mid,light,0.28,18,17/18/19,0.00,0.00
light_crossbow,Q3,mod,mid,medium,0.48,18,17/18/19,0.00,0.00
light_crossbow,Q3,mod,mid,heavy,0.68,18,17/18/19,0.00,0.00
light_crossbow,Q3,mod,far,none,0.00,22,21/22/23,0.00,0.00
light_crossbow,Q3,mod,far,light,0.28,22,21/22/23,0.00,0.00
light_crossbow,Q3,mod,far,medium,0.48,22,21/22/23,0.00,0.00
light_crossbow,Q3,mod,far,heavy,0.68,22,21/22/23,0.00,0.00
light_crossbow,Q3,mod,ultra_far,none,0.00,25,24/25/26,0.00,0.00
light_crossbow,Q3,mod,ultra_far,light,0.28,25,24/25/26,0.00,0.00
light_crossbow,Q3,mod,ultra_far,medium,0.48,25,24/25/26,0.00,0.00
light_crossbow,Q3,mod,ultra_far,heavy,0.68,25,24/25/26,0.00,0.00
light_crossbow,Q4,vanilla,near,none,0.00,10,9/10/11,2.39,2.37
light_crossbow,Q4,vanilla,near,light,0.28,10,9/10/11,2.32,2.30
light_crossbow,Q4,vanilla,near,medium,0.48,10,9/10/11,2.27,2.25
light_crossbow,Q4,vanilla,near,heavy,0.68,10,9/10/11,2.22,2.20
light_crossbow,Q4,vanilla,mid,none,0.00,18,17/18/19,2.22,2.20
light_crossbow,Q4,vanilla,mid,light,0.28,18,17/18/19,2.16,2.14
light_crossbow,Q4,vanilla,mid,medium,0.48,18,17/18/19,2.11,2.09
light_crossbow,Q4,vanilla,mid,heavy,0.68,18,17/18/19,2.07,2.05
light_crossbow,Q4,vanilla,far,none,0.00,22,21/22/23,2.14,2.12
light_crossbow,Q4,vanilla,far,light,0.28,22,21/22/23,2.08,2.06
light_crossbow,Q4,vanilla,far,medium,0.48,22,21/22/23,2.03,2.02
light_crossbow,Q4,vanilla,far,heavy,0.68,22,21/22/23,1.99,1.97
light_crossbow,Q4,vanilla,ultra_far,none,0.00,25,24/25/26,1.39,0.00
light_crossbow,Q4,vanilla,ultra_far,light,0.28,25,24/25/26,1.35,0.00
light_crossbow,Q4,vanilla,ultra_far,medium,0.48,25,24/25/26,1.32,0.00
light_crossbow,Q4,vanilla,ultra_far,heavy,0.68,25,24/25/26,1.30,0.00
light_crossbow,Q4,mod,near,none,0.00,10,9/10/11,2.19,2.17
light_crossbow,Q4,mod,near,light,0.28,10,9/10/11,2.13,2.11
light_crossbow,Q4,mod,near,medium,0.48,10,9/10/11,2.09,2.07
light_crossbow,Q4,mod,near,heavy,0.68,10,9/10/11,2.04,2.02
light_crossbow,Q4,mod,mid,none,0.00,18,17/18/19,0.00,0.00
light_crossbow,Q4,mod,mid,light,0.28,18,17/18/19,0.00,0.00
light_crossbow,Q4,mod,mid,medium,0.48,18,17/18/19,0.00,0.00
light_crossbow,Q4,mod,mid,heavy,0.68,18,17/18/19,0.00,0.00
light_crossbow,Q4,mod,far,none,0.00,22,21/22/23,0.00,0.00
light_crossbow,Q4,mod,far,light,0.28,22,21/22/23,0.00,0.00
light_crossbow,Q4,mod,far,medium,0.48,22,21/22/23,0.00,0.00
light_crossbow,Q4,mod,far,heavy,0.68,22,21/22/23,0.00,0.00
light_crossbow,Q4,mod,ultra_far,none,0.00,25,24/25/26,0.00,0.00
light_crossbow,Q4,mod,ultra_far,light,0.28,25,24/25/26,0.00,0.00
light_crossbow,Q4,mod,ultra_far,medium,0.48,25,24/25/26,0.00,0.00
light_crossbow,Q4,mod,ultra_far,heavy,0.68,25,24/25/26,0.00,0.00
light_crossbow,Q5,vanilla,near,none,0.00,10,9/10/11,2.71,2.69
light_crossbow,Q5,vanilla,near,light,0.28,10,9/10/11,2.64,2.62
light_crossbow,Q5,vanilla,near,medium,0.48,10,9/10/11,2.58,2.57
light_crossbow,Q5,vanilla,near,heavy,0.68,10,9/10/11,2.53,2.51
light_crossbow,Q5,vanilla,mid,none,0.00,18,17/18/19,2.55,2.53
light_crossbow,Q5,vanilla,mid,light,0.28,18,17/18/19,2.48,2.46
light_crossbow,Q5,vanilla,mid,medium,0.48,18,17/18/19,2.43,2.41
light_crossbow,Q5,vanilla,mid,heavy,0.68,18,17/18/19,2.38,2.36
light_crossbow,Q5,vanilla,far,none,0.00,22,21/22/23,2.47,2.45
light_crossbow,Q5,vanilla,far,light,0.28,22,21/22/23,2.40,2.38
light_crossbow,Q5,vanilla,far,medium,0.48,22,21/22/23,2.35,2.33
light_crossbow,Q5,vanilla,far,heavy,0.68,22,21/22/23,2.30,2.28
light_crossbow,Q5,vanilla,ultra_far,none,0.00,25,24/25/26,1.61,0.00
light_crossbow,Q5,vanilla,ultra_far,light,0.28,25,24/25/26,1.57,0.00
light_crossbow,Q5,vanilla,ultra_far,medium,0.48,25,24/25/26,1.54,0.00
light_crossbow,Q5,vanilla,ultra_far,heavy,0.68,25,24/25/26,1.50,0.00
light_crossbow,Q5,mod,near,none,0.00,10,9/10/11,2.28,2.26
light_crossbow,Q5,mod,near,light,0.28,10,9/10/11,2.22,2.20
light_crossbow,Q5,mod,near,medium,0.48,10,9/10/11,2.17,2.16
light_crossbow,Q5,mod,near,heavy,0.68,10,9/10/11,2.13,2.11
light_crossbow,Q5,mod,mid,none,0.00,18,17/18/19,0.00,0.00
light_crossbow,Q5,mod,mid,light,0.28,18,17/18/19,0.00,0.00
light_crossbow,Q5,mod,mid,medium,0.48,18,17/18/19,0.00,0.00
light_crossbow,Q5,mod,mid,heavy,0.68,18,17/18/19,0.00,0.00
light_crossbow,Q5,mod,far,none,0.00,22,21/22/23,0.00,0.00
light_crossbow,Q5,mod,far,light,0.28,22,21/22/23,0.00,0.00
light_crossbow,Q5,mod,far,medium,0.48,22,21/22/23,0.00,0.00
light_crossbow,Q5,mod,far,heavy,0.68,22,21/22/23,0.00,0.00
light_crossbow,Q5,mod,ultra_far,none,0.00,25,24/25/26,0.00,0.00
light_crossbow,Q5,mod,ultra_far,light,0.28,25,24/25/26,0.00,0.00
light_crossbow,Q5,mod,ultra_far,medium,0.48,25,24/25/26,0.00,0.00
light_crossbow,Q5,mod,ultra_far,heavy,0.68,25,24/25/26,0.00,0.00
light_crossbow,Q6,vanilla,near,none,0.00,10,9/10/11,3.38,3.36
light_crossbow,Q6,vanilla,near,light,0.28,10,9/10/11,3.28,3.26
light_crossbow,Q6,vanilla,near,medium,0.48,10,9/10/11,3.22,3.20
light_crossbow,Q6,vanilla,near,heavy,0.68,10,9/10/11,3.15,3.13
light_crossbow,Q6,vanilla,mid,none,0.00,18,17/18/19,3.21,3.19
light_crossbow,Q6,vanilla,mid,light,0.28,18,17/18/19,3.12,3.10
light_crossbow,Q6,vanilla,mid,medium,0.48,18,17/18/19,3.05,3.03
light_crossbow,Q6,vanilla,mid,heavy,0.68,18,17/18/19,2.99,2.97
light_crossbow,Q6,vanilla,far,none,0.00,22,21/22/23,3.12,3.10
light_crossbow,Q6,vanilla,far,light,0.28,22,21/22/23,3.03,3.01
light_crossbow,Q6,vanilla,far,medium,0.48,22,21/22/23,2.97,2.95
light_crossbow,Q6,vanilla,far,heavy,0.68,22,21/22/23,2.91,2.89
light_crossbow,Q6,vanilla,ultra_far,none,0.00,25,24/25/26,2.04,0.00
light_crossbow,Q6,vanilla,ultra_far,light,0.28,25,24/25/26,1.99,0.00
light_crossbow,Q6,vanilla,ultra_far,medium,0.48,25,24/25/26,1.95,0.00
light_crossbow,Q6,vanilla,ultra_far,heavy,0.68,25,24/25/26,1.91,0.00
light_crossbow,Q6,mod,near,none,0.00,10,9/10/11,2.40,2.38
light_crossbow,Q6,mod,near,light,0.28,10,9/10/11,2.33,2.32
light_crossbow,Q6,mod,near,medium,0.48,10,9/10/11,2.28,2.27
light_crossbow,Q6,mod,near,heavy,0.68,10,9/10/11,2.24,2.22
light_crossbow,Q6,mod,mid,none,0.00,18,17/18/19,0.00,0.00
light_crossbow,Q6,mod,mid,light,0.28,18,17/18/19,0.00,0.00
light_crossbow,Q6,mod,mid,medium,0.48,18,17/18/19,0.00,0.00
light_crossbow,Q6,mod,mid,heavy,0.68,18,17/18/19,0.00,0.00
light_crossbow,Q6,mod,far,none,0.00,22,21/22/23,0.00,0.00
light_crossbow,Q6,mod,far,light,0.28,22,21/22/23,0.00,0.00
light_crossbow,Q6,mod,far,medium,0.48,22,21/22/23,0.00,0.00
light_crossbow,Q6,mod,far,heavy,0.68,22,21/22/23,0.00,0.00
light_crossbow,Q6,mod,ultra_far,none,0.00,25,24/25/26,0.00,0.00
light_crossbow,Q6,mod,ultra_far,light,0.28,25,24/25/26,0.00,0.00
light_crossbow,Q6,mod,ultra_far,medium,0.48,25,24/25/26,0.00,0.00
light_crossbow,Q6,mod,ultra_far,heavy,0.68,25,24/25/26,0.00,0.00
crossbow,Q1,vanilla,near,none,0.00,10,9/10/11,1.16,1.13
crossbow,Q1,vanilla,near,light,0.28,10,9/10/11,1.12,1.09
crossbow,Q1,vanilla,near,medium,0.48,10,9/10/11,1.10,1.07
crossbow,Q1,vanilla,near,heavy,0.68,10,9/10/11,1.08,1.05
crossbow,Q1,vanilla,mid,none,0.00,18,17/18/19,0.91,0.88
crossbow,Q1,vanilla,mid,light,0.28,18,17/18/19,0.88,0.85
crossbow,Q1,vanilla,mid,medium,0.48,18,17/18/19,0.87,0.84
crossbow,Q1,vanilla,mid,heavy,0.68,18,17/18/19,0.85,0.82
crossbow,Q1,vanilla,far,none,0.00,22,21/22/23,0.79,0.76
crossbow,Q1,vanilla,far,light,0.28,22,21/22/23,0.76,0.73
crossbow,Q1,vanilla,far,medium,0.48,22,21/22/23,0.75,0.72
crossbow,Q1,vanilla,far,heavy,0.68,22,21/22/23,0.73,0.70
crossbow,Q1,vanilla,ultra_far,none,0.00,25,24/25/26,0.47,0.00
crossbow,Q1,vanilla,ultra_far,light,0.28,25,24/25/26,0.46,0.00
crossbow,Q1,vanilla,ultra_far,medium,0.48,25,24/25/26,0.45,0.00
crossbow,Q1,vanilla,ultra_far,heavy,0.68,25,24/25/26,0.44,0.00
crossbow,Q1,mod,near,none,0.00,10,9/10/11,1.43,1.39
crossbow,Q1,mod,near,light,0.28,10,9/10/11,1.39,1.35
crossbow,Q1,mod,near,medium,0.48,10,9/10/11,1.36,1.32
crossbow,Q1,mod,near,heavy,0.68,10,9/10/11,1.33,1.29
crossbow,Q1,mod,mid,none,0.00,18,17/18/19,0.39,0.00
crossbow,Q1,mod,mid,light,0.28,18,17/18/19,0.38,0.00
crossbow,Q1,mod,mid,medium,0.48,18,17/18/19,0.37,0.00
crossbow,Q1,mod,mid,heavy,0.68,18,17/18/19,0.36,0.00
crossbow,Q1,mod,far,none,0.00,22,21/22/23,0.00,0.00
crossbow,Q1,mod,far,light,0.28,22,21/22/23,0.00,0.00
crossbow,Q1,mod,far,medium,0.48,22,21/22/23,0.00,0.00
crossbow,Q1,mod,far,heavy,0.68,22,21/22/23,0.00,0.00
crossbow,Q1,mod,ultra_far,none,0.00,25,24/25/26,0.00,0.00
crossbow,Q1,mod,ultra_far,light,0.28,25,24/25/26,0.00,0.00
crossbow,Q1,mod,ultra_far,medium,0.48,25,24/25/26,0.00,0.00
crossbow,Q1,mod,ultra_far,heavy,0.68,25,24/25/26,0.00,0.00
crossbow,Q2,vanilla,near,none,0.00,10,9/10/11,1.55,1.52
crossbow,Q2,vanilla,near,light,0.28,10,9/10/11,1.51,1.48
crossbow,Q2,vanilla,near,medium,0.48,10,9/10/11,1.48,1.45
crossbow,Q2,vanilla,near,heavy,0.68,10,9/10/11,1.45,1.42
crossbow,Q2,vanilla,mid,none,0.00,18,17/18/19,1.33,1.30
crossbow,Q2,vanilla,mid,light,0.28,18,17/18/19,1.29,1.26
crossbow,Q2,vanilla,mid,medium,0.48,18,17/18/19,1.26,1.24
crossbow,Q2,vanilla,mid,heavy,0.68,18,17/18/19,1.24,1.21
crossbow,Q2,vanilla,far,none,0.00,22,21/22/23,1.21,1.19
crossbow,Q2,vanilla,far,light,0.28,22,21/22/23,1.18,1.15
crossbow,Q2,vanilla,far,medium,0.48,22,21/22/23,1.16,1.13
crossbow,Q2,vanilla,far,heavy,0.68,22,21/22/23,1.13,1.11
crossbow,Q2,vanilla,ultra_far,none,0.00,25,24/25/26,0.76,0.00
crossbow,Q2,vanilla,ultra_far,light,0.28,25,24/25/26,0.74,0.00
crossbow,Q2,vanilla,ultra_far,medium,0.48,25,24/25/26,0.73,0.00
crossbow,Q2,vanilla,ultra_far,heavy,0.68,25,24/25/26,0.71,0.00
crossbow,Q2,mod,near,none,0.00,10,9/10/11,1.64,1.62
crossbow,Q2,mod,near,light,0.28,10,9/10/11,1.60,1.57
crossbow,Q2,mod,near,medium,0.48,10,9/10/11,1.57,1.54
crossbow,Q2,mod,near,heavy,0.68,10,9/10/11,1.53,1.51
crossbow,Q2,mod,mid,none,0.00,18,17/18/19,0.48,0.00
crossbow,Q2,mod,mid,light,0.28,18,17/18/19,0.47,0.00
crossbow,Q2,mod,mid,medium,0.48,18,17/18/19,0.46,0.00
crossbow,Q2,mod,mid,heavy,0.68,18,17/18/19,0.45,0.00
crossbow,Q2,mod,far,none,0.00,22,21/22/23,0.00,0.00
crossbow,Q2,mod,far,light,0.28,22,21/22/23,0.00,0.00
crossbow,Q2,mod,far,medium,0.48,22,21/22/23,0.00,0.00
crossbow,Q2,mod,far,heavy,0.68,22,21/22/23,0.00,0.00
crossbow,Q2,mod,ultra_far,none,0.00,25,24/25/26,0.00,0.00
crossbow,Q2,mod,ultra_far,light,0.28,25,24/25/26,0.00,0.00
crossbow,Q2,mod,ultra_far,medium,0.48,25,24/25/26,0.00,0.00
crossbow,Q2,mod,ultra_far,heavy,0.68,25,24/25/26,0.00,0.00
crossbow,Q3,vanilla,near,none,0.00,10,9/10/11,1.86,1.84
crossbow,Q3,vanilla,near,light,0.28,10,9/10/11,1.81,1.79
crossbow,Q3,vanilla,near,medium,0.48,10,9/10/11,1.77,1.75
crossbow,Q3,vanilla,near,heavy,0.68,10,9/10/11,1.73,1.71
crossbow,Q3,vanilla,mid,none,0.00,18,17/18/19,1.69,1.67
crossbow,Q3,vanilla,mid,light,0.28,18,17/18/19,1.64,1.62
crossbow,Q3,vanilla,mid,medium,0.48,18,17/18/19,1.61,1.59
crossbow,Q3,vanilla,mid,heavy,0.68,18,17/18/19,1.58,1.56
crossbow,Q3,vanilla,far,none,0.00,22,21/22/23,1.61,1.59
crossbow,Q3,vanilla,far,light,0.28,22,21/22/23,1.56,1.54
crossbow,Q3,vanilla,far,medium,0.48,22,21/22/23,1.53,1.51
crossbow,Q3,vanilla,far,heavy,0.68,22,21/22/23,1.50,1.48
crossbow,Q3,vanilla,ultra_far,none,0.00,25,24/25/26,1.04,0.00
crossbow,Q3,vanilla,ultra_far,light,0.28,25,24/25/26,1.01,0.00
crossbow,Q3,vanilla,ultra_far,medium,0.48,25,24/25/26,0.99,0.00
crossbow,Q3,vanilla,ultra_far,heavy,0.68,25,24/25/26,0.97,0.00
crossbow,Q3,mod,near,none,0.00,10,9/10/11,1.86,1.84
crossbow,Q3,mod,near,light,0.28,10,9/10/11,1.81,1.79
crossbow,Q3,mod,near,medium,0.48,10,9/10/11,1.77,1.75
crossbow,Q3,mod,near,heavy,0.68,10,9/10/11,1.73,1.71
crossbow,Q3,mod,mid,none,0.00,18,17/18/19,0.57,0.00
crossbow,Q3,mod,mid,light,0.28,18,17/18/19,0.55,0.00
crossbow,Q3,mod,mid,medium,0.48,18,17/18/19,0.54,0.00
crossbow,Q3,mod,mid,heavy,0.68,18,17/18/19,0.53,0.00
crossbow,Q3,mod,far,none,0.00,22,21/22/23,0.00,0.00
crossbow,Q3,mod,far,light,0.28,22,21/22/23,0.00,0.00
crossbow,Q3,mod,far,medium,0.48,22,21/22/23,0.00,0.00
crossbow,Q3,mod,far,heavy,0.68,22,21/22/23,0.00,0.00
crossbow,Q3,mod,ultra_far,none,0.00,25,24/25/26,0.00,0.00
crossbow,Q3,mod,ultra_far,light,0.28,25,24/25/26,0.00,0.00
crossbow,Q3,mod,ultra_far,medium,0.48,25,24/25/26,0.00,0.00
crossbow,Q3,mod,ultra_far,heavy,0.68,25,24/25/26,0.00,0.00
crossbow,Q4,vanilla,near,none,0.00,10,9/10/11,2.13,2.11
crossbow,Q4,vanilla,near,light,0.28,10,9/10/11,2.07,2.05
crossbow,Q4,vanilla,near,medium,0.48,10,9/10/11,2.03,2.01
crossbow,Q4,vanilla,near,heavy,0.68,10,9/10/11,1.99,1.97
crossbow,Q4,vanilla,mid,none,0.00,18,17/18/19,1.98,1.96
crossbow,Q4,vanilla,mid,light,0.28,18,17/18/19,1.93,1.91
crossbow,Q4,vanilla,mid,medium,0.48,18,17/18/19,1.89,1.87
crossbow,Q4,vanilla,mid,heavy,0.68,18,17/18/19,1.85,1.83
crossbow,Q4,vanilla,far,none,0.00,22,21/22/23,1.91,1.89
crossbow,Q4,vanilla,far,light,0.28,22,21/22/23,1.86,1.84
crossbow,Q4,vanilla,far,medium,0.48,22,21/22/23,1.82,1.80
crossbow,Q4,vanilla,far,heavy,0.68,22,21/22/23,1.78,1.76
crossbow,Q4,vanilla,ultra_far,none,0.00,25,24/25/26,1.24,0.00
crossbow,Q4,vanilla,ultra_far,light,0.28,25,24/25/26,1.21,0.00
crossbow,Q4,vanilla,ultra_far,medium,0.48,25,24/25/26,1.18,0.00
crossbow,Q4,vanilla,ultra_far,heavy,0.68,25,24/25/26,1.16,0.00
crossbow,Q4,mod,near,none,0.00,10,9/10/11,1.96,1.94
crossbow,Q4,mod,near,light,0.28,10,9/10/11,1.90,1.88
crossbow,Q4,mod,near,medium,0.48,10,9/10/11,1.86,1.85
crossbow,Q4,mod,near,heavy,0.68,10,9/10/11,1.82,1.81
crossbow,Q4,mod,mid,none,0.00,18,17/18/19,0.61,0.00
crossbow,Q4,mod,mid,light,0.28,18,17/18/19,0.60,0.00
crossbow,Q4,mod,mid,medium,0.48,18,17/18/19,0.58,0.00
crossbow,Q4,mod,mid,heavy,0.68,18,17/18/19,0.57,0.00
crossbow,Q4,mod,far,none,0.00,22,21/22/23,0.00,0.00
crossbow,Q4,mod,far,light,0.28,22,21/22/23,0.00,0.00
crossbow,Q4,mod,far,medium,0.48,22,21/22/23,0.00,0.00
crossbow,Q4,mod,far,heavy,0.68,22,21/22/23,0.00,0.00
crossbow,Q4,mod,ultra_far,none,0.00,25,24/25/26,0.00,0.00
crossbow,Q4,mod,ultra_far,light,0.28,25,24/25/26,0.00,0.00
crossbow,Q4,mod,ultra_far,medium,0.48,25,24/25/26,0.00,0.00
crossbow,Q4,mod,ultra_far,heavy,0.68,25,24/25/26,0.00,0.00
crossbow,Q5,vanilla,near,none,0.00,10,9/10/11,2.42,2.41
crossbow,Q5,vanilla,near,light,0.28,10,9/10/11,2.36,2.34
crossbow,Q5,vanilla,near,medium,0.48,10,9/10/11,2.31,2.29
crossbow,Q5,vanilla,near,heavy,0.68,10,9/10/11,2.26,2.24
crossbow,Q5,vanilla,mid,none,0.00,18,17/18/19,2.28,2.26
crossbow,Q5,vanilla,mid,light,0.28,18,17/18/19,2.21,2.20
crossbow,Q5,vanilla,mid,medium,0.48,18,17/18/19,2.17,2.15
crossbow,Q5,vanilla,mid,heavy,0.68,18,17/18/19,2.12,2.11
crossbow,Q5,vanilla,far,none,0.00,22,21/22/23,2.21,2.19
crossbow,Q5,vanilla,far,light,0.28,22,21/22/23,2.14,2.13
crossbow,Q5,vanilla,far,medium,0.48,22,21/22/23,2.10,2.08
crossbow,Q5,vanilla,far,heavy,0.68,22,21/22/23,2.06,2.04
crossbow,Q5,vanilla,ultra_far,none,0.00,25,24/25/26,1.44,0.00
crossbow,Q5,vanilla,ultra_far,light,0.28,25,24/25/26,1.40,0.00
crossbow,Q5,vanilla,ultra_far,medium,0.48,25,24/25/26,1.37,0.00
crossbow,Q5,vanilla,ultra_far,heavy,0.68,25,24/25/26,1.34,0.00
crossbow,Q5,mod,near,none,0.00,10,9/10/11,2.04,2.02
crossbow,Q5,mod,near,light,0.28,10,9/10/11,1.98,1.96
crossbow,Q5,mod,near,medium,0.48,10,9/10/11,1.94,1.92
crossbow,Q5,mod,near,heavy,0.68,10,9/10/11,1.90,1.88
crossbow,Q5,mod,mid,none,0.00,18,17/18/19,0.64,0.00
crossbow,Q5,mod,mid,light,0.28,18,17/18/19,0.63,0.00
crossbow,Q5,mod,mid,medium,0.48,18,17/18/19,0.61,0.00
crossbow,Q5,mod,mid,heavy,0.68,18,17/18/19,0.60,0.00
crossbow,Q5,mod,far,none,0.00,22,21/22/23,0.00,0.00
crossbow,Q5,mod,far,light,0.28,22,21/22/23,0.00,0.00
crossbow,Q5,mod,far,medium,0.48,22,21/22/23,0.00,0.00
crossbow,Q5,mod,far,heavy,0.68,22,21/22/23,0.00,0.00
crossbow,Q5,mod,ultra_far,none,0.00,25,24/25/26,0.00,0.00
crossbow,Q5,mod,ultra_far,light,0.28,25,24/25/26,0.00,0.00
crossbow,Q5,mod,ultra_far,medium,0.48,25,24/25/26,0.00,0.00
crossbow,Q5,mod,ultra_far,heavy,0.68,25,24/25/26,0.00,0.00
crossbow,Q6,vanilla,near,none,0.00,10,9/10/11,3.02,3.00
crossbow,Q6,vanilla,near,light,0.28,10,9/10/11,2.93,2.91
crossbow,Q6,vanilla,near,medium,0.48,10,9/10/11,2.87,2.85
crossbow,Q6,vanilla,near,heavy,0.68,10,9/10/11,2.81,2.79
crossbow,Q6,vanilla,mid,none,0.00,18,17/18/19,2.86,2.84
crossbow,Q6,vanilla,mid,light,0.28,18,17/18/19,2.78,2.76
crossbow,Q6,vanilla,mid,medium,0.48,18,17/18/19,2.73,2.71
crossbow,Q6,vanilla,mid,heavy,0.68,18,17/18/19,2.67,2.65
crossbow,Q6,vanilla,far,none,0.00,22,21/22/23,2.79,2.77
crossbow,Q6,vanilla,far,light,0.28,22,21/22/23,2.71,2.69
crossbow,Q6,vanilla,far,medium,0.48,22,21/22/23,2.65,2.63
crossbow,Q6,vanilla,far,heavy,0.68,22,21/22/23,2.60,2.58
crossbow,Q6,vanilla,ultra_far,none,0.00,25,24/25/26,1.83,0.00
crossbow,Q6,vanilla,ultra_far,light,0.28,25,24/25/26,1.77,0.00
crossbow,Q6,vanilla,ultra_far,medium,0.48,25,24/25/26,1.74,0.00
crossbow,Q6,vanilla,ultra_far,heavy,0.68,25,24/25/26,1.70,0.00
crossbow,Q6,mod,near,none,0.00,10,9/10/11,2.14,2.13
crossbow,Q6,mod,near,light,0.28,10,9/10/11,2.08,2.07
crossbow,Q6,mod,near,medium,0.48,10,9/10/11,2.04,2.03
crossbow,Q6,mod,near,heavy,0.68,10,9/10/11,2.00,1.98
crossbow,Q6,mod,mid,none,0.00,18,17/18/19,0.68,0.00
crossbow,Q6,mod,mid,light,0.28,18,17/18/19,0.66,0.00
crossbow,Q6,mod,mid,medium,0.48,18,17/18/19,0.65,0.00
crossbow,Q6,mod,mid,heavy,0.68,18,17/18/19,0.64,0.00
crossbow,Q6,mod,far,none,0.00,22,21/22/23,0.00,0.00
crossbow,Q6,mod,far,light,0.28,22,21/22/23,0.00,0.00
crossbow,Q6,mod,far,medium,0.48,22,21/22/23,0.00,0.00
crossbow,Q6,mod,far,heavy,0.68,22,21/22/23,0.00,0.00
crossbow,Q6,mod,ultra_far,none,0.00,25,24/25/26,0.00,0.00
crossbow,Q6,mod,ultra_far,light,0.28,25,24/25/26,0.00,0.00
crossbow,Q6,mod,ultra_far,medium,0.48,25,24/25/26,0.00,0.00
crossbow,Q6,mod,ultra_far,heavy,0.68,25,24/25/26,0.00,0.00
heavy_crossbow,Q1,vanilla,near,none,0.00,10,9/10/11,1.50,1.46
heavy_crossbow,Q1,vanilla,near,light,0.28,10,9/10/11,1.46,1.42
heavy_crossbow,Q1,vanilla,near,medium,0.48,10,9/10/11,1.44,1.40
heavy_crossbow,Q1,vanilla,near,heavy,0.68,10,9/10/11,1.41,1.38
heavy_crossbow,Q1,vanilla,mid,none,0.00,18,17/18/19,1.18,1.14
heavy_crossbow,Q1,vanilla,mid,light,0.28,18,17/18/19,1.15,1.11
heavy_crossbow,Q1,vanilla,mid,medium,0.48,18,17/18/19,1.13,1.09
heavy_crossbow,Q1,vanilla,mid,heavy,0.68,18,17/18/19,1.11,1.07
heavy_crossbow,Q1,vanilla,far,none,0.00,22,21/22/23,1.02,0.98
heavy_crossbow,Q1,vanilla,far,light,0.28,22,21/22/23,0.99,0.96
heavy_crossbow,Q1,vanilla,far,medium,0.48,22,21/22/23,0.98,0.94
heavy_crossbow,Q1,vanilla,far,heavy,0.68,22,21/22/23,0.96,0.92
heavy_crossbow,Q1,vanilla,ultra_far,none,0.00,25,24/25/26,0.61,0.00
heavy_crossbow,Q1,vanilla,ultra_far,light,0.28,25,24/25/26,0.60,0.00
heavy_crossbow,Q1,vanilla,ultra_far,medium,0.48,25,24/25/26,0.59,0.00
heavy_crossbow,Q1,vanilla,ultra_far,heavy,0.68,25,24/25/26,0.58,0.00
heavy_crossbow,Q1,mod,near,none,0.00,10,9/10/11,1.84,1.79
heavy_crossbow,Q1,mod,near,light,0.28,10,9/10/11,1.80,1.75
heavy_crossbow,Q1,mod,near,medium,0.48,10,9/10/11,1.77,1.73
heavy_crossbow,Q1,mod,near,heavy,0.68,10,9/10/11,1.74,1.70
heavy_crossbow,Q1,mod,mid,none,0.00,18,17/18/19,1.45,1.40
heavy_crossbow,Q1,mod,mid,light,0.28,18,17/18/19,1.42,1.37
heavy_crossbow,Q1,mod,mid,medium,0.48,18,17/18/19,1.39,1.35
heavy_crossbow,Q1,mod,mid,heavy,0.68,18,17/18/19,1.37,1.32
heavy_crossbow,Q1,mod,far,none,0.00,22,21/22/23,0.00,0.00
heavy_crossbow,Q1,mod,far,light,0.28,22,21/22/23,0.00,0.00
heavy_crossbow,Q1,mod,far,medium,0.48,22,21/22/23,0.00,0.00
heavy_crossbow,Q1,mod,far,heavy,0.68,22,21/22/23,0.00,0.00
heavy_crossbow,Q1,mod,ultra_far,none,0.00,25,24/25/26,0.00,0.00
heavy_crossbow,Q1,mod,ultra_far,light,0.28,25,24/25/26,0.00,0.00
heavy_crossbow,Q1,mod,ultra_far,medium,0.48,25,24/25/26,0.00,0.00
heavy_crossbow,Q1,mod,ultra_far,heavy,0.68,25,24/25/26,0.00,0.00
heavy_crossbow,Q2,vanilla,near,none,0.00,10,9/10/11,2.00,1.97
heavy_crossbow,Q2,vanilla,near,light,0.28,10,9/10/11,1.96,1.92
heavy_crossbow,Q2,vanilla,near,medium,0.48,10,9/10/11,1.93,1.89
heavy_crossbow,Q2,vanilla,near,heavy,0.68,10,9/10/11,1.90,1.86
heavy_crossbow,Q2,vanilla,mid,none,0.00,18,17/18/19,1.71,1.68
heavy_crossbow,Q2,vanilla,mid,light,0.28,18,17/18/19,1.68,1.64
heavy_crossbow,Q2,vanilla,mid,medium,0.48,18,17/18/19,1.65,1.61
heavy_crossbow,Q2,vanilla,mid,heavy,0.68,18,17/18/19,1.62,1.59
heavy_crossbow,Q2,vanilla,far,none,0.00,22,21/22/23,1.57,1.53
heavy_crossbow,Q2,vanilla,far,light,0.28,22,21/22/23,1.53,1.50
heavy_crossbow,Q2,vanilla,far,medium,0.48,22,21/22/23,1.51,1.47
heavy_crossbow,Q2,vanilla,far,heavy,0.68,22,21/22/23,1.48,1.45
heavy_crossbow,Q2,vanilla,ultra_far,none,0.00,25,24/25/26,0.99,0.00
heavy_crossbow,Q2,vanilla,ultra_far,light,0.28,25,24/25/26,0.96,0.00
heavy_crossbow,Q2,vanilla,ultra_far,medium,0.48,25,24/25/26,0.95,0.00
heavy_crossbow,Q2,vanilla,ultra_far,heavy,0.68,25,24/25/26,0.93,0.00
heavy_crossbow,Q2,mod,near,none,0.00,10,9/10/11,2.13,2.09
heavy_crossbow,Q2,mod,near,light,0.28,10,9/10/11,2.08,2.04
heavy_crossbow,Q2,mod,near,medium,0.48,10,9/10/11,2.04,2.01
heavy_crossbow,Q2,mod,near,heavy,0.68,10,9/10/11,2.01,1.97
heavy_crossbow,Q2,mod,mid,none,0.00,18,17/18/19,1.82,1.78
heavy_crossbow,Q2,mod,mid,light,0.28,18,17/18/19,1.78,1.74
heavy_crossbow,Q2,mod,mid,medium,0.48,18,17/18/19,1.75,1.71
heavy_crossbow,Q2,mod,mid,heavy,0.68,18,17/18/19,1.72,1.68
heavy_crossbow,Q2,mod,far,none,0.00,22,21/22/23,0.00,0.00
heavy_crossbow,Q2,mod,far,light,0.28,22,21/22/23,0.00,0.00
heavy_crossbow,Q2,mod,far,medium,0.48,22,21/22/23,0.00,0.00
heavy_crossbow,Q2,mod,far,heavy,0.68,22,21/22/23,0.00,0.00
heavy_crossbow,Q2,mod,ultra_far,none,0.00,25,24/25/26,0.00,0.00
heavy_crossbow,Q2,mod,ultra_far,light,0.28,25,24/25/26,0.00,0.00
heavy_crossbow,Q2,mod,ultra_far,medium,0.48,25,24/25/26,0.00,0.00
heavy_crossbow,Q2,mod,ultra_far,heavy,0.68,25,24/25/26,0.00,0.00
heavy_crossbow,Q3,vanilla,near,none,0.00,10,9/10/11,2.40,2.37
heavy_crossbow,Q3,vanilla,near,light,0.28,10,9/10/11,2.35,2.32
heavy_crossbow,Q3,vanilla,near,medium,0.48,10,9/10/11,2.31,2.28
heavy_crossbow,Q3,vanilla,near,heavy,0.68,10,9/10/11,2.27,2.24
heavy_crossbow,Q3,vanilla,mid,none,0.00,18,17/18/19,2.19,2.16
heavy_crossbow,Q3,vanilla,mid,light,0.28,18,17/18/19,2.14,2.11
heavy_crossbow,Q3,vanilla,mid,medium,0.48,18,17/18/19,2.10,2.08
heavy_crossbow,Q3,vanilla,mid,heavy,0.68,18,17/18/19,2.07,2.04
heavy_crossbow,Q3,vanilla,far,none,0.00,22,21/22/23,2.08,2.05
heavy_crossbow,Q3,vanilla,far,light,0.28,22,21/22/23,2.03,2.01
heavy_crossbow,Q3,vanilla,far,medium,0.48,22,21/22/23,2.00,1.97
heavy_crossbow,Q3,vanilla,far,heavy,0.68,22,21/22/23,1.97,1.94
heavy_crossbow,Q3,vanilla,ultra_far,none,0.00,25,24/25/26,1.34,0.00
heavy_crossbow,Q3,vanilla,ultra_far,light,0.28,25,24/25/26,1.31,0.00
heavy_crossbow,Q3,vanilla,ultra_far,medium,0.48,25,24/25/26,1.29,0.00
heavy_crossbow,Q3,vanilla,ultra_far,heavy,0.68,25,24/25/26,1.27,0.00
heavy_crossbow,Q3,mod,near,none,0.00,10,9/10/11,2.40,2.37
heavy_crossbow,Q3,mod,near,light,0.28,10,9/10/11,2.35,2.32
heavy_crossbow,Q3,mod,near,medium,0.48,10,9/10/11,2.31,2.28
heavy_crossbow,Q3,mod,near,heavy,0.68,10,9/10/11,2.27,2.24
heavy_crossbow,Q3,mod,mid,none,0.00,18,17/18/19,2.19,2.16
heavy_crossbow,Q3,mod,mid,light,0.28,18,17/18/19,2.14,2.11
heavy_crossbow,Q3,mod,mid,medium,0.48,18,17/18/19,2.10,2.08
heavy_crossbow,Q3,mod,mid,heavy,0.68,18,17/18/19,2.07,2.04
heavy_crossbow,Q3,mod,far,none,0.00,22,21/22/23,0.00,0.00
heavy_crossbow,Q3,mod,far,light,0.28,22,21/22/23,0.00,0.00
heavy_crossbow,Q3,mod,far,medium,0.48,22,21/22/23,0.00,0.00
heavy_crossbow,Q3,mod,far,heavy,0.68,22,21/22/23,0.00,0.00
heavy_crossbow,Q3,mod,ultra_far,none,0.00,25,24/25/26,0.00,0.00
heavy_crossbow,Q3,mod,ultra_far,light,0.28,25,24/25/26,0.00,0.00
heavy_crossbow,Q3,mod,ultra_far,medium,0.48,25,24/25/26,0.00,0.00
heavy_crossbow,Q3,mod,ultra_far,heavy,0.68,25,24/25/26,0.00,0.00
heavy_crossbow,Q4,vanilla,near,none,0.00,10,9/10/11,2.75,2.73
heavy_crossbow,Q4,vanilla,near,light,0.28,10,9/10/11,2.69,2.67
heavy_crossbow,Q4,vanilla,near,medium,0.48,10,9/10/11,2.65,2.62
heavy_crossbow,Q4,vanilla,near,heavy,0.68,10,9/10/11,2.60,2.58
heavy_crossbow,Q4,vanilla,mid,none,0.00,18,17/18/19,2.56,2.54
heavy_crossbow,Q4,vanilla,mid,light,0.28,18,17/18/19,2.50,2.48
heavy_crossbow,Q4,vanilla,mid,medium,0.48,18,17/18/19,2.46,2.44
heavy_crossbow,Q4,vanilla,mid,heavy,0.68,18,17/18/19,2.42,2.40
heavy_crossbow,Q4,vanilla,far,none,0.00,22,21/22/23,2.47,2.44
heavy_crossbow,Q4,vanilla,far,light,0.28,22,21/22/23,2.41,2.39
heavy_crossbow,Q4,vanilla,far,medium,0.48,22,21/22/23,2.37,2.35
heavy_crossbow,Q4,vanilla,far,heavy,0.68,22,21/22/23,2.33,2.31
heavy_crossbow,Q4,vanilla,ultra_far,none,0.00,25,24/25/26,1.60,0.00
heavy_crossbow,Q4,vanilla,ultra_far,light,0.28,25,24/25/26,1.57,0.00
heavy_crossbow,Q4,vanilla,ultra_far,medium,0.48,25,24/25/26,1.54,0.00
heavy_crossbow,Q4,vanilla,ultra_far,heavy,0.68,25,24/25/26,1.52,0.00
heavy_crossbow,Q4,mod,near,none,0.00,10,9/10/11,2.53,2.51
heavy_crossbow,Q4,mod,near,light,0.28,10,9/10/11,2.47,2.45
heavy_crossbow,Q4,mod,near,medium,0.48,10,9/10/11,2.43,2.41
heavy_crossbow,Q4,mod,near,heavy,0.68,10,9/10/11,2.39,2.37
heavy_crossbow,Q4,mod,mid,none,0.00,18,17/18/19,2.35,2.33
heavy_crossbow,Q4,mod,mid,light,0.28,18,17/18/19,2.30,2.28
heavy_crossbow,Q4,mod,mid,medium,0.48,18,17/18/19,2.26,2.24
heavy_crossbow,Q4,mod,mid,heavy,0.68,18,17/18/19,2.22,2.20
heavy_crossbow,Q4,mod,far,none,0.00,22,21/22/23,0.00,0.00
heavy_crossbow,Q4,mod,far,light,0.28,22,21/22/23,0.00,0.00
heavy_crossbow,Q4,mod,far,medium,0.48,22,21/22/23,0.00,0.00
heavy_crossbow,Q4,mod,far,heavy,0.68,22,21/22/23,0.00,0.00
heavy_crossbow,Q4,mod,ultra_far,none,0.00,25,24/25/26,0.00,0.00
heavy_crossbow,Q4,mod,ultra_far,light,0.28,25,24/25/26,0.00,0.00
heavy_crossbow,Q4,mod,ultra_far,medium,0.48,25,24/25/26,0.00,0.00
heavy_crossbow,Q4,mod,ultra_far,heavy,0.68,25,24/25/26,0.00,0.00
heavy_crossbow,Q5,vanilla,near,none,0.00,10,9/10/11,3.13,3.11
heavy_crossbow,Q5,vanilla,near,light,0.28,10,9/10/11,3.06,3.04
heavy_crossbow,Q5,vanilla,near,medium,0.48,10,9/10/11,3.01,2.99
heavy_crossbow,Q5,vanilla,near,heavy,0.68,10,9/10/11,2.96,2.94
heavy_crossbow,Q5,vanilla,mid,none,0.00,18,17/18/19,2.94,2.92
heavy_crossbow,Q5,vanilla,mid,light,0.28,18,17/18/19,2.88,2.86
heavy_crossbow,Q5,vanilla,mid,medium,0.48,18,17/18/19,2.83,2.81
heavy_crossbow,Q5,vanilla,mid,heavy,0.68,18,17/18/19,2.78,2.76
heavy_crossbow,Q5,vanilla,far,none,0.00,22,21/22/23,2.85,2.83
heavy_crossbow,Q5,vanilla,far,light,0.28,22,21/22/23,2.79,2.76
heavy_crossbow,Q5,vanilla,far,medium,0.48,22,21/22/23,2.74,2.72
heavy_crossbow,Q5,vanilla,far,heavy,0.68,22,21/22/23,2.69,2.67
heavy_crossbow,Q5,vanilla,ultra_far,none,0.00,25,24/25/26,1.86,0.00
heavy_crossbow,Q5,vanilla,ultra_far,light,0.28,25,24/25/26,1.82,0.00
heavy_crossbow,Q5,vanilla,ultra_far,medium,0.48,25,24/25/26,1.79,0.00
heavy_crossbow,Q5,vanilla,ultra_far,heavy,0.68,25,24/25/26,1.76,0.00
heavy_crossbow,Q5,mod,near,none,0.00,10,9/10/11,2.63,2.61
heavy_crossbow,Q5,mod,near,light,0.28,10,9/10/11,2.57,2.55
heavy_crossbow,Q5,mod,near,medium,0.48,10,9/10/11,2.53,2.51
heavy_crossbow,Q5,mod,near,heavy,0.68,10,9/10/11,2.49,2.47
heavy_crossbow,Q5,mod,mid,none,0.00,18,17/18/19,2.47,2.45
heavy_crossbow,Q5,mod,mid,light,0.28,18,17/18/19,2.42,2.40
heavy_crossbow,Q5,mod,mid,medium,0.48,18,17/18/19,2.38,2.36
heavy_crossbow,Q5,mod,mid,heavy,0.68,18,17/18/19,2.34,2.32
heavy_crossbow,Q5,mod,far,none,0.00,22,21/22/23,0.00,0.00
heavy_crossbow,Q5,mod,far,light,0.28,22,21/22/23,0.00,0.00
heavy_crossbow,Q5,mod,far,medium,0.48,22,21/22/23,0.00,0.00
heavy_crossbow,Q5,mod,far,heavy,0.68,22,21/22/23,0.00,0.00
heavy_crossbow,Q5,mod,ultra_far,none,0.00,25,24/25/26,0.00,0.00
heavy_crossbow,Q5,mod,ultra_far,light,0.28,25,24/25/26,0.00,0.00
heavy_crossbow,Q5,mod,ultra_far,medium,0.48,25,24/25/26,0.00,0.00
heavy_crossbow,Q5,mod,ultra_far,heavy,0.68,25,24/25/26,0.00,0.00
heavy_crossbow,Q6,vanilla,near,none,0.00,10,9/10/11,3.90,3.87
heavy_crossbow,Q6,vanilla,near,light,0.28,10,9/10/11,3.81,3.79
heavy_crossbow,Q6,vanilla,near,medium,0.48,10,9/10/11,3.75,3.73
heavy_crossbow,Q6,vanilla,near,heavy,0.68,10,9/10/11,3.69,3.66
heavy_crossbow,Q6,vanilla,mid,none,0.00,18,17/18/19,3.70,3.68
heavy_crossbow,Q6,vanilla,mid,light,0.28,18,17/18/19,3.62,3.59
heavy_crossbow,Q6,vanilla,mid,medium,0.48,18,17/18/19,3.56,3.53
heavy_crossbow,Q6,vanilla,mid,heavy,0.68,18,17/18/19,3.50,3.48
heavy_crossbow,Q6,vanilla,far,none,0.00,22,21/22/23,3.60,3.58
heavy_crossbow,Q6,vanilla,far,light,0.28,22,21/22/23,3.52,3.50
heavy_crossbow,Q6,vanilla,far,medium,0.48,22,21/22/23,3.46,3.44
heavy_crossbow,Q6,vanilla,far,heavy,0.68,22,21/22/23,3.40,3.38
heavy_crossbow,Q6,vanilla,ultra_far,none,0.00,25,24/25/26,2.36,0.00
heavy_crossbow,Q6,vanilla,ultra_far,light,0.28,25,24/25/26,2.31,0.00
heavy_crossbow,Q6,vanilla,ultra_far,medium,0.48,25,24/25/26,2.27,0.00
heavy_crossbow,Q6,vanilla,ultra_far,heavy,0.68,25,24/25/26,2.23,0.00
heavy_crossbow,Q6,mod,near,none,0.00,10,9/10/11,2.77,2.75
heavy_crossbow,Q6,mod,near,light,0.28,10,9/10/11,2.71,2.69
heavy_crossbow,Q6,mod,near,medium,0.48,10,9/10/11,2.66,2.64
heavy_crossbow,Q6,mod,near,heavy,0.68,10,9/10/11,2.62,2.60
heavy_crossbow,Q6,mod,mid,none,0.00,18,17/18/19,2.63,2.61
heavy_crossbow,Q6,mod,mid,light,0.28,18,17/18/19,2.57,2.55
heavy_crossbow,Q6,mod,mid,medium,0.48,18,17/18/19,2.53,2.51
heavy_crossbow,Q6,mod,mid,heavy,0.68,18,17/18/19,2.48,2.47
heavy_crossbow,Q6,mod,far,none,0.00,22,21/22/23,0.86,0.00
heavy_crossbow,Q6,mod,far,light,0.28,22,21/22/23,0.84,0.00
heavy_crossbow,Q6,mod,far,medium,0.48,22,21/22/23,0.82,0.00
heavy_crossbow,Q6,mod,far,heavy,0.68,22,21/22/23,0.81,0.00
heavy_crossbow,Q6,mod,ultra_far,none,0.00,25,24/25/26,0.00,0.00
heavy_crossbow,Q6,mod,ultra_far,light,0.28,25,24/25/26,0.00,0.00
heavy_crossbow,Q6,mod,ultra_far,medium,0.48,25,24/25/26,0.00,0.00
heavy_crossbow,Q6,mod,ultra_far,heavy,0.68,25,24/25/26,0.00,0.00
