weapon_id,quality,dataset,band,armor_profile,flat_mitigation_proxy,center_m,sample_distances_m,mean_expected_damage_per_shot,min_expected_damage_per_shot
short_bow,Q1,vanilla,near,none,0.00,10,9/10/11,6.60,6.12
short_bow,Q1,vanilla,near,light,0.28,10,9/10/11,6.23,5.78
short_bow,Q1,vanilla,near,medium,0.48,10,9/10/11,5.97,5.53
short_bow,Q1,vanilla,near,heavy,0.68,10,9/10/11,5.70,5.29
short_bow,Q1,vanilla,mid,none,0.00,18,17/18/19,2.00,0.00
short_bow,Q1,vanilla,mid,light,0.28,18,17/18/19,1.89,0.00
short_bow,Q1,vanilla,mid,medium,0.48,18,17/18/19,1.81,0.00
short_bow,Q1,vanilla,mid,heavy,0.68,18,17/18/19,1.73,0.00
short_bow,Q1,vanilla,far,none,0.00,22,21/22/23,0.00,0.00
short_bow,Q1,vanilla,far,light,0.28,22,21/22/23,0.00,0.00
short_bow,Q1,vanilla,far,medium,0.48,22,21/22/23,0.00,0.00
short_bow,Q1,vanilla,far,heavy,0.68,22,21/22/23,0.00,0.00
short_bow,Q1,vanilla,ultra_far,none,0.00,25,24/25/26,0.00,0.00
short_bow,Q1,vanilla,ultra_far,light,0.28,25,24/25/26,0.00,0.00
short_bow,Q1,vanilla,ultra_far,medium,0.48,25,24/25/26,0.00,0.00
short_bow,Q1,vanilla,ultra_far,heavy,0.68,25,24/25/26,0.00,0.00
short_bow,Q1,mod,near,none,0.00,10,9/10/11,6.07,5.63
short_bow,Q1,mod,near,light,0.28,10,9/10/11,5.73,5.32
short_bow,Q1,mod,near,medium,0.48,10,9/10/11,5.49,5.09
short_bow,Q1,mod,near,heavy,0.68,10,9/10/11,5.25,4.86
short_bow,Q1,mod,mid,none,0.00,18,17/18/19,0.99,0.00
short_bow,Q1,mod,mid,light,0.28,18,17/18/19,0.94,0.00
short_bow,Q1,mod,mid,medium,0.48,18,17/18/19,0.90,0.00
short_bow,Q1,mod,mid,heavy,0.68,18,17/18/19,0.86,0.00
short_bow,Q1,mod,far,none,0.00,22,21/22/23,0.00,0.00
short_bow,Q1,mod,far,light,0.28,22,21/22/23,0.00,0.00
short_bow,Q1,mod,far,medium,0.48,22,21/22/23,0.00,0.00
short_bow,Q1,mod,far,heavy,0.68,22,21/22/23,0.00,0.00
short_bow,Q1,mod,ultra_far,none,0.00,25,24/25/26,0.00,0.00
short_bow,Q1,mod,ultra_far,light,0.28,25,24/25/26,0.00,0.00
short_bow,Q1,mod,ultra_far,medium,0.48,25,24/25/26,0.00,0.00
short_bow,Q1,mod,ultra_far,heavy,0.68,25,24/25/26,0.00,0.00
short_bow,Q2,vanilla,near,none,0.00,10,9/10/11,8.16,7.80
short_bow,Q2,vanilla,near,light,0.28,10,9/10/11,7.70,7.36
short_bow,Q2,vanilla,near,medium,0.48,10,9/10/11,7.38,7.05
short_bow,Q2,vanilla,near,heavy,0.68,10,9/10/11,7.05,6.74
short_bow,Q2,vanilla,mid,none,0.00,18,17/18/19,3.64,0.00
short_bow,Q2,vanilla,mid,light,0.28,18,17/18/19,3.44,0.00
short_bow,Q2,vanilla,mid,medium,0.48,18,17/18/19,3.29,0.00
short_bow,Q2,vanilla,mid,heavy,0.68,18,17/18/19,3.14,0.00
short_bow,Q2,vanilla,far,none,0.00,22,21/22/23,0.00,0.00
short_bow,Q2,vanilla,far,light,0.28,22,21/22/23,0.00,0.00
short_bow,Q2,vanilla,far,medium,0.48,22,21/22/23,0.00,0.00
short_bow,Q2,vanilla,far,heavy,0.68,22,21/22/23,0.00,0.00
short_bow,Q2,vanilla,ultra_far,none,0.00,25,24/25/26,0.00,0.00
short_bow,Q2,vanilla,ultra_far,light,0.28,25,24/25/26,0.00,0.00
short_bow,Q2,vanilla,ultra_far,medium,0.48,25,24/25/26,0.00,0.00
short_bow,Q2,vanilla,ultra_far,heavy,0.68,25,24/25/26,0.00,0.00
short_bow,Q2,mod,near,none,0.00,10,9/10/11,7.75,7.41
short_bow,Q2,mod,near,light,0.28,10,9/10/11,7.32,7.00
short_bow,Q2,mod,near,medium,0.48,10,9/10/11,7.01,6.70
short_bow,Q2,mod,near,heavy,0.68,10,9/10/11,6.70,6.40
short_bow,Q2,mod,mid,none,0.00,18,17/18/19,1.79,0.00
short_bow,Q2,mod,mid,light,0.28,18,17/18/19,1.69,0.00
short_bow,Q2,mod,mid,medium,0.48,18,17/18/19,1.61,0.00
short_bow,Q2,mod,mid,heavy,0.68,18,17/18/19,1.54,0.00
short_bow,Q2,mod,far,none,0.00,22,21/22/23,0.00,0.00
short_bow,Q2,mod,far,light,0.28,22,21/22/23,0.00,0.00
short_bow,Q2,mod,far,medium,0.48,22,21/22/23,0.00,0.00
short_bow,Q2,mod,far,heavy,0.68,22,21/22/23,0.00,0.00
short_bow,Q2,mod,ultra_far,none,0.00,25,24/25/26,0.00,0.00
short_bow,Q2,mod,ultra_far,light,0.28,25,24/25/26,0.00,0.00
short_bow,Q2,mod,ultra_far,medium,0.48,25,24/25/26,0.00,0.00
short_bow,Q2,mod,ultra_far,heavy,0.68,25,24/25/26,0.00,0.00
short_bow,Q3,vanilla,near,none,0.00,10,9/10/11,9.60,9.36
short_bow,Q3,vanilla,near,light,0.28,10,9/10/11,9.06,8.84
short_bow,Q3,vanilla,near,medium,0.48,10,9/10/11,8.68,8.46
short_bow,Q3,vanilla,near,heavy,0.68,10,9/10/11,8.29,8.09
short_bow,Q3,vanilla,mid,none,0.00,18,17/18/19,5.20,0.00
short_bow,Q3,vanilla,mid,light,0.28,18,17/18/19,4.91,0.00
short_bow,Q3,vanilla,mid,medium,0.48,18,17/18/19,4.70,0.00
short_bow,Q3,vanilla,mid,heavy,0.68,18,17/18/19,4.49,0.00
short_bow,Q3,vanilla,far,none,0.00,22,21/22/23,0.00,0.00
short_bow,Q3,vanilla,far,light,0.28,22,21/22/23,0.00,0.00
short_bow,Q3,vanilla,far,medium,0.48,22,21/22/23,0.00,0.00
short_bow,Q3,vanilla,far,heavy,0.68,22,21/22/23,0.00,0.00
short_bow,Q3,vanilla,ultra_far,none,0.00,25,24/25/26,0.00,0.00
short_bow,Q3,vanilla,ultra_far,light,0.28,25,24/25/26,0.00,0.00
short_bow,Q3,vanilla,ultra_far,medium,0.48,25,24/25/26,0.00,0.00
short_bow,Q3,vanilla,ultra_far,heavy,0.68,25,24/25/26,0.00,0.00
short_bow,Q3,mod,near,none,0.00,10,9/10/11,9.41,9.17
short_bow,Q3,mod,near,light,0.28,10,9/10/11,8.88,8.66
short_bow,Q3,mod,near,medium,0.48,10,9/10/11,8.50,8.29
short_bow,Q3,mod,near,heavy,0.68,10,9/10/11,8.13,7.93
short_bow,Q3,mod,mid,none,0.00,18,17/18/19,5.10,0.00
short_bow,Q3,mod,mid,light,0.28,18,17/18/19,4.81,0.00
short_bow,Q3,mod,mid,medium,0.48,18,17/18/19,4.61,0.00
short_bow,Q3,mod,mid,heavy,0.68,18,17/18/19,4.40,0.00
short_bow,Q3,mod,far,none,0.00,22,21/22/23,0.00,0.00
short_bow,Q3,mod,far,light,0.28,22,21/22/23,0.00,0.00
short_bow,Q3,mod,far,medium,0.48,22,21/22/23,0.00,0.00
short_bow,Q3,mod,far,heavy,0.68,22,21/22/23,0.00,0.00
short_bow,Q3,mod,ultra_far,none,0.00,25,24/25/26,0.00,0.00
short_bow,Q3,mod,ultra_far,light,0.28,25,24/25/26,0.00,0.00
short_bow,Q3,mod,ultra_far,medium,0.48,25,24/25/26,0.00,0.00
short_bow,Q3,mod,ultra_far,heavy,0.68,25,24/25/26,0.00,0.00
short_bow,Q4,vanilla,near,none,0.00,10,9/10/11,10.08,9.89
short_bow,Q4,vanilla,near,light,0.28,10,9/10/11,9.52,9.33
short_bow,Q4,vanilla,near,medium,0.48,10,9/10/11,9.11,8.94
short_bow,Q4,vanilla,near,heavy,0.68,10,9/10/11,8.71,8.54
short_bow,Q4,vanilla,mid,none,0.00,18,17/18/19,5.76,0.00
short_bow,Q4,vanilla,mid,light,0.28,18,17/18/19,5.44,0.00
short_bow,Q4,vanilla,mid,medium,0.48,18,17/18/19,5.21,0.00
short_bow,Q4,vanilla,mid,heavy,0.68,18,17/18/19,4.98,0.00
short_bow,Q4,vanilla,far,none,0.00,22,21/22/23,0.00,0.00
short_bow,Q4,vanilla,far,light,0.28,22,21/22/23,0.00,0.00
short_bow,Q4,vanilla,far,medium,0.48,22,21/22/23,0.00,0.00
short_bow,Q4,vanilla,far,heavy,0.68,22,21/22/23,0.00,0.00
short_bow,Q4,vanilla,ultra_far,none,0.00,25,24/25/26,0.00,0.00
short_bow,Q4,vanilla,ultra_far,light,0.28,25,24/25/26,0.00,0.00
short_bow,Q4,vanilla,ultra_far,medium,0.48,25,24/25/26,0.00,0.00
short_bow,Q4,vanilla,ultra_far,heavy,0.68,25,24/25/26,0.00,0.00
short_bow,Q4,mod,near,none,0.00,10,9/10/11,10.38,10.18
short_bow,Q4,mod,near,light,0.28,10,9/10/11,9.80,9.61
short_bow,Q4,mod,near,medium,0.48,10,9/10/11,9.39,9.21
short_bow,Q4,mod,near,heavy,0.68,10,9/10/11,8.97,8.80
short_bow,Q4,mod,mid,none,0.00,18,17/18/19,5.93,0.00
short_bow,Q4,mod,mid,light,0.28,18,17/18/19,5.60,0.00
short_bow,Q4,mod,mid,medium,0.48,18,17/18/19,5.36,0.00
short_bow,Q4,mod,mid,heavy,0.68,18,17/18/19,5.13,0.00
short_bow,Q4,mod,far,none,0.00,22,21/22/23,0.00,0.00
short_bow,Q4,mod,far,light,0.28,22,21/22/23,0.00,0.00
short_bow,Q4,mod,far,medium,0.48,22,21/22/23,0.00,0.00
short_bow,Q4,mod,far,heavy,0.68,22,21/22/23,0.00,0.00
short_bow,Q4,mod,ultra_far,none,0.00,25,24/25/26,0.00,0.00
short_bow,Q4,mod,ultra_far,light,0.28,25,24/25/26,0.00,0.00
short_bow,Q4,mod,ultra_far,medium,0.48,25,24/25/26,0.00,0.00
short_bow,Q4,mod,ultra_far,heavy,0.68,25,24/25/26,0.00,0.00
short_bow,Q5,vanilla,near,none,0.00,10,9/10/11,10.32,10.15
short_bow,Q5,vanilla,near,light,0.28,10,9/10/11,9.74,9.58
short_bow,Q5,vanilla,near,medium,0.48,10,9/10/11,9.33,9.18
short_bow,Q5,vanilla,near,heavy,0.68,10,9/10/11,8.92,8.77
short_bow,Q5,vanilla,mid,none,0.00,18,17/18/19,6.04,0.00
short_bow,Q5,vanilla,mid,light,0.28,18,17/18/19,5.70,0.00
short_bow,Q5,vanilla,mid,medium,0.48,18,17/18/19,5.46,0.00
short_bow,Q5,vanilla,mid,heavy,0.68,18,17/18/19,5.22,0.00
short_bow,Q5,vanilla,far,none,0.00,22,21/22/23,0.00,0.00
short_bow,Q5,vanilla,far,light,0.28,22,21/22/23,0.00,0.00
short_bow,Q5,vanilla,far,medium,0.48,22,21/22/23,0.00,0.00
short_bow,Q5,vanilla,far,heavy,0.68,22,21/22/23,0.00,0.00
short_bow,Q5,vanilla,ultra_far,none,0.00,25,24/25/26,0.00,0.00
short_bow,Q5,vanilla,ultra_far,light,0.28,25,24/25/26,0.00,0.00
short_bow,Q5,vanilla,ultra_far,medium,0.48,25,24/25/26,0.00,0.00
short_bow,Q5,vanilla,ultra_far,heavy,0.68,25,24/25/26,0.00,0.00
short_bow,Q5,mod,near,none,0.00,10,9/10/11,11.25,11.07
short_bow,Q5,mod,near,light,0.28,10,9/10/11,10.62,10.45
short_bow,Q5,mod,near,medium,0.48,10,9/10/11,10.17,10.00
short_bow,Q5,mod,near,heavy,0.68,10,9/10/11,9.72,9.56
short_bow,Q5,mod,mid,none,0.00,18,17/18/19,6.58,0.00
short_bow,Q5,mod,mid,light,0.28,18,17/18/19,6.21,0.00
short_bow,Q5,mod,mid,medium,0.48,18,17/18/19,5.95,0.00
short_bow,Q5,mod,mid,heavy,0.68,18,17/18/19,5.69,0.00
short_bow,Q5,mod,far,none,0.00,22,21/22/23,0.00,0.00
short_bow,Q5,mod,far,light,0.28,22,21/22/23,0.00,0.00
short_bow,Q5,mod,far,medium,0.48,22,21/22/23,0.00,0.00
short_bow,Q5,mod,far,heavy,0.68,22,21/22/23,0.00,0.00
short_bow,Q5,mod,ultra_far,none,0.00,25,24/25/26,0.00,0.00
short_bow,Q5,mod,ultra_far,light,0.28,25,24/25/26,0.00,0.00
short_bow,Q5,mod,ultra_far,medium,0.48,25,24/25/26,0.00,0.00
short_bow,Q5,mod,ultra_far,heavy,0.68,25,24/25/26,0.00,0.00
short_bow,Q6,vanilla,near,none,0.00,10,9/10/11,10.56,10.42
short_bow,Q6,vanilla,near,light,0.28,10,9/10/11,9.97,9.83
short_bow,Q6,vanilla,near,medium,0.48,10,9/10/11,9.55,9.42
short_bow,Q6,vanilla,near,heavy,0.68,10,9/10/11,9.12,9.00
short_bow,Q6,vanilla,mid,none,0.00,18,17/18/19,6.32,0.00
short_bow,Q6,vanilla,mid,light,0.28,18,17/18/19,5.97,0.00
short_bow,Q6,vanilla,mid,medium,0.48,18,17/18/19,5.71,0.00
short_bow,Q6,vanilla,mid,heavy,0.68,18,17/18/19,5.46,0.00
short_bow,Q6,vanilla,far,none,0.00,22,21/22/23,0.00,0.00
short_bow,Q6,vanilla,far,light,0.28,22,21/22/23,0.00,0.00
short_bow,Q6,vanilla,far,medium,0.48,22,21/22/23,0.00,0.00
short_bow,Q6,vanilla,far,heavy,0.68,22,21/22/23,0.00,0.00
short_bow,Q6,vanilla,ultra_far,none,0.00,25,24/25/26,0.00,0.00
short_bow,Q6,vanilla,ultra_far,light,0.28,25,24/25/26,0.00,0.00
short_bow,Q6,vanilla,ultra_far,medium,0.48,25,24/25/26,0.00,0.00
short_bow,Q6,vanilla,ultra_far,heavy,0.68,25,24/25/26,0.00,0.00
short_bow,Q6,mod,near,none,0.00,10,9/10/11,12.14,11.98
short_bow,Q6,mod,near,light,0.28,10,9/10/11,11.46,11.31
short_bow,Q6,mod,near,medium,0.48,10,9/10/11,10.98,10.83
short_bow,Q6,mod,near,heavy,0.68,10,9/10/11,10.49,10.35
short_bow,Q6,mod,mid,none,0.00,18,17/18/19,10.82,10.65
short_bow,Q6,mod,mid,light,0.28,18,17/18/19,10.21,10.06
short_bow,Q6,mod,mid,medium,0.48,18,17/18/19,9.78,9.63
short_bow,Q6,mod,mid,heavy,0.68,18,17/18/19,9.35,9.20
short_bow,Q6,mod,far,none,0.00,22,21/22/23,0.00,0.00
short_bow,Q6,mod,far,light,0.28,22,21/22/23,0.00,0.00
short_bow,Q6,mod,far,medium,0.48,22,21/22/23,0.00,0.00
short_bow,Q6,mod,far,heavy,0.68,22,21/22/23,0.00,0.00
short_bow,Q6,mod,ultra_far,none,0.00,25,24/25/26,0.00,0.00
short_bow,Q6,mod,ultra_far,light,0.28,25,24/25/26,0.00,0.00
short_bow,Q6,mod,ultra_far,medium,0.48,25,24/25/26,0.00,0.00
short_bow,Q6,mod,ultra_far,heavy,0.68,25,24/25/26,0.00,0.00
war_bow,Q1,vanilla,near,none,0.00,10,9/10/11,11.00,10.20
war_bow,Q1,vanilla,near,light,0.28,10,9/10/11,10.38,9.63
war_bow,Q1,vanilla,near,medium,0.48,10,9/10/11,9.94,9.22
war_bow,Q1,vanilla,near,heavy,0.68,10,9/10/11,9.50,8.81
war_bow,Q1,vanilla,mid,none,0.00,18,17/18/19,3.33,0.00
war_bow,Q1,vanilla,mid,light,0.28,18,17/18/19,3.15,0.00
war_bow,Q1,vanilla,mid,medium,0.48,18,17/18/19,3.01,0.00
war_bow,Q1,vanilla,mid,heavy,0.68,18,17/18/19,2.88,0.00
war_bow,Q1,vanilla,far,none,0.00,22,21/22/23,0.00,0.00
war_bow,Q1,vanilla,far,light,0.28,22,21/22/23,0.00,0.00
war_bow,Q1,vanilla,far,medium,0.48,22,21/22/23,0.00,0.00
war_bow,Q1,vanilla,far,heavy,0.68,22,21/22/23,0.00,0.00
war_bow,Q1,vanilla,ultra_far,none,0.00,25,24/25/26,0.00,0.00
war_bow,Q1,vanilla,ultra_far,light,0.28,25,24/25/26,0.00,0.00
war_bow,Q1,vanilla,ultra_far,medium,0.48,25,24/25/26,0.00,0.00
war_bow,Q1,vanilla,ultra_far,heavy,0.68,25,24/25/26,0.00,0.00
war_bow,Q1,mod,near,none,0.00,10,9/10/11,10.12,9.38
war_bow,Q1,mod,near,light,0.28,10,9/10/11,9.55,8.86
war_bow,Q1,mod,near,medium,0.48,10,9/10/11,9.15,8.48
war_bow,Q1,mod,near,heavy,0.68,10,9/10/11,8.74,8.11
war_bow,Q1,mod,mid,none,0.00,18,17/18/19,4.23,3.50
war_bow,Q1,mod,mid,light,0.28,18,17/18/19,4.00,3.30
war_bow,Q1,mod,mid,medium,0.48,18,17/18/19,3.83,3.16
war_bow,Q1,mod,mid,heavy,0.68,18,17/18/19,3.66,3.02
war_bow,Q1,mod,far,none,0.00,22,21/22/23,0.00,0.00
war_bow,Q1,mod,far,light,0.28,22,21/22/23,0.00,0.00
war_bow,Q1,mod,far,medium,0.48,22,21/22/23,0.00,0.00
war_bow,Q1,mod,far,heavy,0.68,22,21/22/23,0.00,0.00
war_bow,Q1,mod,ultra_far,none,0.00,25,24/25/26,0.00,0.00
war_bow,Q1,mod,ultra_far,light,0.28,25,24/25/26,0.00,0.00
war_bow,Q1,mod,ultra_far,medium,0.48,25,24/25/26,0.00,0.00
war_bow,Q1,mod,ultra_far,heavy,0.68,25,24/25/26,0.00,0.00
war_bow,Q2,vanilla,near,none,0.00,10,9/10/11,13.60,13.00
war_bow,Q2,vanilla,near,light,0.28,10,9/10/11,12.84,12.27
war_bow,Q2,vanilla,near,medium,0.48,10,9/10/11,12.29,11.75
war_bow,Q2,vanilla,near,heavy,0.68,10,9/10/11,11.75,11.23
war_bow,Q2,vanilla,mid,none,0.00,18,17/18/19,6.07,0.00
war_bow,Q2,vanilla,mid,light,0.28,18,17/18/19,5.73,0.00
war_bow,Q2,vanilla,mid,medium,0.48,18,17/18/19,5.48,0.00
war_bow,Q2,vanilla,mid,heavy,0.68,18,17/18/19,5.24,0.00
war_bow,Q2,vanilla,far,none,0.00,22,21/22/23,0.00,0.00
war_bow,Q2,vanilla,far,light,0.28,22,21/22/23,0.00,0.00
war_bow,Q2,vanilla,far,medium,0.48,22,21/22/23,0.00,0.00
war_bow,Q2,vanilla,far,heavy,0.68,22,21/22/23,0.00,0.00
war_bow,Q2,vanilla,ultra_far,none,0.00,25,24/25/26,0.00,0.00
war_bow,Q2,vanilla,ultra_far,light,0.28,25,24/25/26,0.00,0.00
war_bow,Q2,vanilla,ultra_far,medium,0.48,25,24/25/26,0.00,0.00
war_bow,Q2,vanilla,ultra_far,heavy,0.68,25,24/25/26,0.00,0.00
war_bow,Q2,mod,near,none,0.00,10,9/10/11,12.92,12.35
war_bow,Q2,mod,near,light,0.28,10,9/10/11,12.20,11.66
war_bow,Q2,mod,near,medium,0.48,10,9/10/11,11.68,11.16
war_bow,Q2,mod,near,heavy,0.68,10,9/10/11,11.16,10.67
war_bow,Q2,mod,mid,none,0.00,18,17/18/19,8.36,7.79
war_bow,Q2,mod,mid,light,0.28,18,17/18/19,7.89,7.35
war_bow,Q2,mod,mid,medium,0.48,18,17/18/19,7.56,7.04
war_bow,Q2,mod,mid,heavy,0.68,18,17/18/19,7.22,6.73
war_bow,Q2,mod,far,none,0.00,22,21/22/23,0.00,0.00
war_bow,Q2,mod,far,light,0.28,22,21/22/23,0.00,0.00
war_bow,Q2,mod,far,medium,0.48,22,21/22/23,0.00,0.00
war_bow,Q2,mod,far,heavy,0.68,22,21/22/23,0.00,0.00
war_bow,Q2,mod,ultra_far,none,0.00,25,24/25/26,0.00,0.00
war_bow,Q2,mod,ultra_far,light,0.28,25,24/25/26,0.00,0.00
war_bow,Q2,mod,ultra_far,medium,0.48,25,24/25/26,0.00,0.00
war_bow,Q2,mod,ultra_far,heavy,0.68,25,24/25/26,0.00,0.00
war_bow,Q3,vanilla,near,none,0.00,10,9/10/11,16.00,15.60
war_bow,Q3,vanilla,near,light,0.28,10,9/10/11,15.10,14.73
war_bow,Q3,vanilla,near,medium,0.48,10,9/10/11,14.46,14.10
war_bow,Q3,vanilla,near,heavy,0.68,10,9/10/11,13.82,13.48
war_bow,Q3,vanilla,mid,none,0.00,18,17/18/19,8.67,0.00
war_bow,Q3,vanilla,mid,light,0.28,18,17/18/19,8.18,0.00
war_bow,Q3,vanilla,mid,medium,0.48,18,17/18/19,7.83,0.00
war_bow,Q3,vanilla,mid,heavy,0.68,18,17/18/19,7.49,0.00
war_bow,Q3,vanilla,far,none,0.00,22,21/22/23,0.00,0.00
war_bow,Q3,vanilla,far,light,0.28,22,21/22/23,0.00,0.00
war_bow,Q3,vanilla,far,medium,0.48,22,21/22/23,0.00,0.00
war_bow,Q3,vanilla,far,heavy,0.68,22,21/22/23,0.00,0.00
war_bow,Q3,vanilla,ultra_far,none,0.00,25,24/25/26,0.00,0.00
war_bow,Q3,vanilla,ultra_far,light,0.28,25,24/25/26,0.00,0.00
war_bow,Q3,vanilla,ultra_far,medium,0.48,25,24/25/26,0.00,0.00
war_bow,Q3,vanilla,ultra_far,heavy,0.68,25,24/25/26,0.00,0.00
war_bow,Q3,mod,near,none,0.00,10,9/10/11,15.68,15.29
war_bow,Q3,mod,near,light,0.28,10,9/10/11,14.80,14.43
war_bow,Q3,mod,near,medium,0.48,10,9/10/11,14.17,13.82
war_bow,Q3,mod,near,heavy,0.68,10,9/10/11,13.55,13.21
war_bow,Q3,mod,mid,none,0.00,18,17/18/19,12.54,12.15
war_bow,Q3,mod,mid,light,0.28,18,17/18/19,11.84,11.47
war_bow,Q3,mod,mid,medium,0.48,18,17/18/19,11.34,10.99
war_bow,Q3,mod,mid,heavy,0.68,18,17/18/19,10.84,10.50
war_bow,Q3,mod,far,none,0.00,22,21/22/23,0.00,0.00
war_bow,Q3,mod,far,light,0.28,22,21/22/23,0.00,0.00
war_bow,Q3,mod,far,medium,0.48,22,21/22/23,0.00,0.00
war_bow,Q3,mod,far,heavy,0.68,22,21/22/23,0.00,0.00
war_bow,Q3,mod,ultra_far,none,0.00,25,24/25/26,0.00,0.00
war_bow,Q3,mod,ultra_far,light,0.28,25,24/25/26,0.00,0.00
war_bow,Q3,mod,ultra_far,medium,0.48,25,24/25/26,0.00,0.00
war_bow,Q3,mod,ultra_far,heavy,0.68,25,24/25/26,0.00,0.00
war_bow,Q4,vanilla,near,none,0.00,10,9/10/11,16.80,16.48
war_bow,Q4,vanilla,near,light,0.28,10,9/10/11,15.86,15.56
war_bow,Q4,vanilla,near,medium,0.48,10,9/10/11,15.19,14.90
war_bow,Q4,vanilla,near,heavy,0.68,10,9/10/11,14.52,14.24
war_bow,Q4,vanilla,mid,none,0.00,18,17/18/19,9.60,0.00
war_bow,Q4,vanilla,mid,light,0.28,18,17/18/19,9.06,0.00
war_bow,Q4,vanilla,mid,medium,0.48,18,17/18/19,8.68,0.00
war_bow,Q4,vanilla,mid,heavy,0.68,18,17/18/19,8.29,0.00
war_bow,Q4,vanilla,far,none,0.00,22,21/22/23,0.00,0.00
war_bow,Q4,vanilla,far,light,0.28,22,21/22/23,0.00,0.00
war_bow,Q4,vanilla,far,medium,0.48,22,21/22/23,0.00,0.00
war_bow,Q4,vanilla,far,heavy,0.68,22,21/22/23,0.00,0.00
war_bow,Q4,vanilla,ultra_far,none,0.00,25,24/25/26,0.00,0.00
war_bow,Q4,vanilla,ultra_far,light,0.28,25,24/25/26,0.00,0.00
war_bow,Q4,vanilla,ultra_far,medium,0.48,25,24/25/26,0.00,0.00
war_bow,Q4,vanilla,ultra_far,heavy,0.68,25,24/25/26,0.00,0.00
war_bow,Q4,mod,near,none,0.00,10,9/10/11,17.30,16.97
war_bow,Q4,mod,near,light,0.28,10,9/10/11,16.33,16.02
war_bow,Q4,mod,near,medium,0.48,10,9/10/11,15.64,15.34
war_bow,Q4,mod,near,heavy,0.68,10,9/10/11,14.95,14.67
war_bow,Q4,mod,mid,none,0.00,18,17/18/19,14.67,14.34
war_bow,Q4,mod,mid,light,0.28,18,17/18/19,13.85,13.53
war_bow,Q4,mod,mid,medium,0.48,18,17/18/19,13.26,12.96
war_bow,Q4,mod,mid,heavy,0.68,18,17/18/19,12.67,12.39
war_bow,Q4,mod,far,none,0.00,22,21/22/23,0.00,0.00
war_bow,Q4,mod,far,light,0.28,22,21/22/23,0.00,0.00
war_bow,Q4,mod,far,medium,0.48,22,21/22/23,0.00,0.00
war_bow,Q4,mod,far,heavy,0.68,22,21/22/23,0.00,0.00
war_bow,Q4,mod,ultra_far,none,0.00,25,24/25/26,0.00,0.00
war_bow,Q4,mod,ultra_far,light,0.28,25,24/25/26,0.00,0.00
war_bow,Q4,mod,ultra_far,medium,0.48,25,24/25/26,0.00,0.00
war_bow,Q4,mod,ultra_far,heavy,0.68,25,24/25/26,0.00,0.00
war_bow,Q5,vanilla,near,none,0.00,10,9/10/11,17.20,16.92
war_bow,Q5,vanilla,near,light,0.28,10,9/10/11,16.24,15.97
war_bow,Q5,vanilla,near,medium,0.48,10,9/10/11,15.55,15.30
war_bow,Q5,vanilla,near,heavy,0.68,10,9/10/11,14.86,14.62
war_bow,Q5,vanilla,mid,none,0.00,18,17/18/19,10.07,0.00
war_bow,Q5,vanilla,mid,light,0.28,18,17/18/19,9.50,0.00
war_bow,Q5,vanilla,mid,medium,0.48,18,17/18/19,9.10,0.00
war_bow,Q5,vanilla,mid,heavy,0.68,18,17/18/19,8.70,0.00
war_bow,Q5,vanilla,far,none,0.00,22,21/22/23,0.00,0.00
war_bow,Q5,vanilla,far,light,0.28,22,21/22/23,0.00,0.00
war_bow,Q5,vanilla,far,medium,0.48,22,21/22/23,0.00,0.00
war_bow,Q5,vanilla,far,heavy,0.68,22,21/22/23,0.00,0.00
war_bow,Q5,vanilla,ultra_far,none,0.00,25,24/25/26,0.00,0.00
war_bow,Q5,vanilla,ultra_far,light,0.28,25,24/25/26,0.00,0.00
war_bow,Q5,vanilla,ultra_far,medium,0.48,25,24/25/26,0.00,0.00
war_bow,Q5,vanilla,ultra_far,heavy,0.68,25,24/25/26,0.00,0.00
war_bow,Q5,mod,near,none,0.00,10,9/10/11,18.75,18.44
war_bow,Q5,mod,near,light,0.28,10,9/10/11,17.70,17.41
war_bow,Q5,mod,near,medium,0.48,10,9/10/11,16.95,16.67
war_bow,Q5,mod,near,heavy,0.68,10,9/10/11,16.20,15.93
war_bow,Q5,mod,mid,none,0.00,18,17/18/19,16.31,16.00
war_bow,Q5,mod,mid,light,0.28,18,17/18/19,15.39,15.11
war_bow,Q5,mod,mid,medium,0.48,18,17/18/19,14.74,14.47
war_bow,Q5,mod,mid,heavy,0.68,18,17/18/19,14.09,13.83
war_bow,Q5,mod,far,none,0.00,22,21/22/23,0.00,0.00
war_bow,Q5,mod,far,light,0.28,22,21/22/23,0.00,0.00
war_bow,Q5,mod,far,medium,0.48,22,21/22/23,0.00,0.00
war_bow,Q5,mod,far,heavy,0.68,22,21/22/23,0.00,0.00
war_bow,Q5,mod,ultra_far,none,0.00,25,24/25/26,0.00,0.00
war_bow,Q5,mod,ultra_far,light,0.28,25,24/25/26,0.00,0.00
war_bow,Q5,mod,ultra_far,medium,0.48,25,24/25/26,0.00,0.00
war_bow,Q5,mod,ultra_far,heavy,0.68,25,24/25/26,0.00,0.00
war_bow,Q6,vanilla,near,none,0.00,10,9/10/11,17.60,17.36
war_bow,Q6,vanilla,near,light,0.28,10,9/10/11,16.61,16.39
war_bow,Q6,vanilla,near,medium,0.48,10,9/10/11,15.91,15.69
war_bow,Q6,vanilla,near,heavy,0.68,10,9/10/11,15.21,15.00
war_bow,Q6,vanilla,mid,none,0.00,18,17/18/19,10.53,0.00
war_bow,Q6,vanilla,mid,light,0.28,18,17/18/19,9.94,0.00
war_bow,Q6,vanilla,mid,medium,0.48,18,17/18/19,9.52,0.00
war_bow,Q6,vanilla,mid,heavy,0.68,18,17/18/19,9.10,0.00
war_bow,Q6,vanilla,far,none,0.00,22,21/22/23,0.00,0.00
war_bow,Q6,vanilla,far,light,0.28,22,21/22/23,0.00,0.00
war_bow,Q6,vanilla,far,medium,0.48,22,21/22/23,0.00,0.00
war_bow,Q6,vanilla,far,heavy,0.68,22,21/22/23,0.00,0.00
war_bow,Q6,vanilla,ultra_far,none,0.00,25,24/25/26,0.00,0.00
war_bow,Q6,vanilla,ultra_far,light,0.28,25,24/25/26,0.00,0.00
war_bow,Q6,vanilla,ultra_far,medium,0.48,25,24/25/26,0.00,0.00
war_bow,Q6,vanilla,ultra_far,heavy,0.68,25,24/25/26,0.00,0.00
war_bow,Q6,mod,near,none,0.00,10,9/10/11,20.24,19.96
war_bow,Q6,mod,near,light,0.28,10,9/10/11,19.11,18.85
war_bow,Q6,mod,near,medium,0.48,10,9/10/11,18.30,18.05
war_bow,Q6,mod,near,heavy,0.68,10,9/10/11,17.49,17.25
war_bow,Q6,mod,mid,none,0.00,18,17/18/19,18.03,17.76
war_bow,Q6,mod,mid,light,0.28,18,17/18/19,17.02,16.76
war_bow,Q6,mod,mid,medium,0.48,18,17/18/19,16.30,16.05
war_bow,Q6,mod,mid,heavy,0.68,18,17/18/19,15.58,15.34
war_bow,Q6,mod,far,none,0.00,22,21/22/23,0.00,0.00
war_bow,Q6,mod,far,light,0.28,22,21/22/23,0.00,0.00
war_bow,Q6,mod,far,medium,0.48,22,21/22/23,0.00,0.00
war_bow,Q6,mod,far,heavy,0.68,22,21/22/23,0.00,0.00
war_bow,Q6,mod,ultra_far,none,0.00,25,24/25/26,0.00,0.00
war_bow,Q6,mod,ultra_far,light,0.28,25,24/25/26,0.00,0.00
war_bow,Q6,mod,ultra_far,medium,0.48,25,24/25/26,0.00,0.00
war_bow,Q6,mod,ultra_far,heavy,0.68,25,24/25/26,0.00,0.00
curved_bow,Q1,vanilla,near,none,0.00,10,9/10/11,13.20,12.24
curved_bow,Q1,vanilla,near,light,0.28,10,9/10/11,12.46,11.55
curved_bow,Q1,vanilla,near,medium,0.48,10,9/10/11,11.93,11.06
curved_bow,Q1,vanilla,near,heavy,0.68,10,9/10/11,11.40,10.58
curved_bow,Q1,vanilla,mid,none,0.00,18,17/18/19,4.00,0.00
curved_bow,Q1,vanilla,mid,light,0.28,18,17/18/19,3.78,0.00
curved_bow,Q1,vanilla,mid,medium,0.48,18,17/18/19,3.62,0.00
curved_bow,Q1,vanilla,mid,heavy,0.68,18,17/18/19,3.46,0.00
curved_bow,Q1,vanilla,far,none,0.00,22,21/22/23,0.00,0.00
curved_bow,Q1,vanilla,far,light,0.28,22,21/22/23,0.00,0.00
curved_bow,Q1,vanilla,far,medium,0.48,22,21/22/23,0.00,0.00
curved_bow,Q1,vanilla,far,heavy,0.68,22,21/22/23,0.00,0.00
curved_bow,Q1,vanilla,ultra_far,none,0.00,25,24/25/26,0.00,0.00
curved_bow,Q1,vanilla,ultra_far,light,0.28,25,24/25/26,0.00,0.00
curved_bow,Q1,vanilla,ultra_far,medium,0.48,25,24/25/26,0.00,0.00
curved_bow,Q1,vanilla,ultra_far,heavy,0.68,25,24/25/26,0.00,0.00
curved_bow,Q1,mod,near,none,0.00,10,9/10/11,12.14,11.26
curved_bow,Q1,mod,near,light,0.28,10,9/10/11,11.46,10.63
curved_bow,Q1,mod,near,medium,0.48,10,9/10/11,10.98,10.18
curved_bow,Q1,mod,near,heavy,0.68,10,9/10/11,10.49,9.73
curved_bow,Q1,mod,mid,none,0.00,18,17/18/19,5.08,4.20
curved_bow,Q1,mod,mid,light,0.28,18,17/18/19,4.79,3.96
curved_bow,Q1,mod,mid,medium,0.48,18,17/18/19,4.59,3.79
curved_bow,Q1,mod,mid,heavy,0.68,18,17/18/19,4.39,3.62
curved_bow,Q1,mod,far,none,0.00,22,21/22/23,0.81,0.00
curved_bow,Q1,mod,far,light,0.28,22,21/22/23,0.76,0.00
curved_bow,Q1,mod,far,medium,0.48,22,21/22/23,0.73,0.00
curved_bow,Q1,mod,far,heavy,0.68,22,21/22/23,0.70,0.00
curved_bow,Q1,mod,ultra_far,none,0.00,25,24/25/26,0.00,0.00
curved_bow,Q1,mod,ultra_far,light,0.28,25,24/25/26,0.00,0.00
curved_bow,Q1,mod,ultra_far,medium,0.48,25,24/25/26,0.00,0.00
curved_bow,Q1,mod,ultra_far,heavy,0.68,25,24/25/26,0.00,0.00
curved_bow,Q2,vanilla,near,none,0.00,10,9/10/11,16.32,15.60
curved_bow,Q2,vanilla,near,light,0.28,10,9/10/11,15.41,14.73
curved_bow,Q2,vanilla,near,medium,0.48,10,9/10/11,14.75,14.10
curved_bow,Q2,vanilla,near,heavy,0.68,10,9/10/11,14.10,13.48
curved_bow,Q2,vanilla,mid,none,0.00,18,17/18/19,7.28,0.00
curved_bow,Q2,vanilla,mid,light,0.28,18,17/18/19,6.87,0.00
curved_bow,Q2,vanilla,mid,medium,0.48,18,17/18/19,6.58,0.00
curved_bow,Q2,vanilla,mid,heavy,0.68,18,17/18/19,6.29,0.00
curved_bow,Q2,vanilla,far,none,0.00,22,21/22/23,0.00,0.00
curved_bow,Q2,vanilla,far,light,0.28,22,21/22/23,0.00,0.00
curved_bow,Q2,vanilla,far,medium,0.48,22,21/22/23,0.00,0.00
curved_bow,Q2,vanilla,far,heavy,0.68,22,21/22/23,0.00,0.00
curved_bow,Q2,vanilla,ultra_far,none,0.00,25,24/25/26,0.00,0.00
curved_bow,Q2,vanilla,ultra_far,light,0.28,25,24/25/26,0.00,0.00
curved_bow,Q2,vanilla,ultra_far,medium,0.48,25,24/25/26,0.00,0.00
curved_bow,Q2,vanilla,ultra_far,heavy,0.68,25,24/25/26,0.00,0.00
curved_bow,Q2,mod,near,none,0.00,10,9/10/11,15.50,14.82
curved_bow,Q2,mod,near,light,0.28,10,9/10/11,14.64,13.99
curved_bow,Q2,mod,near,medium,0.48,10,9/10/11,14.02,13.40
curved_bow,Q2,mod,near,heavy,0.68,10,9/10/11,13.40,12.80
curved_bow,Q2,mod,mid,none,0.00,18,17/18/19,10.03,9.35
curved_bow,Q2,mod,mid,light,0.28,18,17/18/19,9.47,8.82
curved_bow,Q2,mod,mid,medium,0.48,18,17/18/19,9.07,8.45
curved_bow,Q2,mod,mid,heavy,0.68,18,17/18/19,8.67,8.08
curved_bow,Q2,mod,far,none,0.00,22,21/22/23,2.66,0.00
curved_bow,Q2,mod,far,light,0.28,22,21/22/23,2.51,0.00
curved_bow,Q2,mod,far,medium,0.48,22,21/22/23,2.40,0.00
curved_bow,Q2,mod,far,heavy,0.68,22,21/22/23,2.30,0.00
curved_bow,Q2,mod,ultra_far,none,0.00,25,24/25/26,0.00,0.00
curved_bow,Q2,mod,ultra_far,light,0.28,25,24/25/26,0.00,0.00
curved_bow,Q2,mod,ultra_far,medium,0.48,25,24/25/26,0.00,0.00
curved_bow,Q2,mod,ultra_far,heavy,0.68,25,24/25/26,0.00,0.00
curved_bow,Q3,vanilla,near,none,0.00,10,9/10/11,19.20,18.72
curved_bow,Q3,vanilla,near,light,0.28,10,9/10/11,18.12,17.67
curved_bow,Q3,vanilla,near,medium,0.48,10,9/10/11,17.36,16.92
curved_bow,Q3,vanilla,near,heavy,0.68,10,9/10/11,16.59,16.17
curved_bow,Q3,vanilla,mid,none,0.00,18,17/18/19,10.40,0.00
curved_bow,Q3,vanilla,mid,light,0.28,18,17/18/19,9.82,0.00
curved_bow,Q3,vanilla,mid,medium,0.48,18,17/18/19,9.40,0.00
curved_bow,Q3,vanilla,mid,heavy,0.68,18,17/18/19,8.99,0.00
curved_bow,Q3,vanilla,far,none,0.00,22,21/22/23,0.00,0.00
curved_bow,Q3,vanilla,far,light,0.28,22,21/22/23,0.00,0.00
curved_bow,Q3,vanilla,far,medium,0.48,22,21/22/23,0.00,0.00
curved_bow,Q3,vanilla,far,heavy,0.68,22,21/22/23,0.00,0.00
curved_bow,Q3,vanilla,ultra_far,none,0.00,25,24/25/26,0.00,0.00
curved_bow,Q3,vanilla,ultra_far,light,0.28,25,24/25/26,0.00,0.00
curved_bow,Q3,vanilla,ultra_far,medium,0.48,25,24/25/26,0.00,0.00
curved_bow,Q3,vanilla,ultra_far,heavy,0.68,25,24/25/26,0.00,0.00
curved_bow,Q3,mod,near,none,0.00,10,9/10/11,18.82,18.35
curved_bow,Q3,mod,near,light,0.28,10,9/10/11,17.76,17.32
curved_bow,Q3,mod,near,medium,0.48,10,9/10/11,17.01,16.58
curved_bow,Q3,mod,near,heavy,0.68,10,9/10/11,16.26,15.85
curved_bow,Q3,mod,mid,none,0.00,18,17/18/19,15.05,14.58
curved_bow,Q3,mod,mid,light,0.28,18,17/18/19,14.21,13.77
curved_bow,Q3,mod,mid,medium,0.48,18,17/18/19,13.61,13.18
curved_bow,Q3,mod,mid,heavy,0.68,18,17/18/19,13.01,12.60
curved_bow,Q3,mod,far,none,0.00,22,21/22/23,4.55,0.00
curved_bow,Q3,mod,far,light,0.28,22,21/22/23,4.29,0.00
curved_bow,Q3,mod,far,medium,0.48,22,21/22/23,4.11,0.00
curved_bow,Q3,mod,far,heavy,0.68,22,21/22/23,3.93,0.00
curved_bow,Q3,mod,ultra_far,none,0.00,25,24/25/26,0.00,0.00
curved_bow,Q3,mod,ultra_far,light,0.28,25,24/25/26,0.00,0.00
curved_bow,Q3,mod,ultra_far,medium,0.48,25,24/25/26,0.00,0.00
curved_bow,Q3,mod,ultra_far,heavy,0.68,25,24/25/26,0.00,0.00
curved_bow,Q4,vanilla,near,none,0.00,10,9/10/11,20.16,19.78
curved_bow,Q4,vanilla,near,light,0.28,10,9/10/11,19.03,18.67
curved_bow,Q4,vanilla,near,medium,0.48,10,9/10/11,18.22,17.88
curved_bow,Q4,vanilla,near,heavy,0.68,10,9/10/11,17.42,17.09
curved_bow,Q4,vanilla,mid,none,0.00,18,17/18/19,11.52,0.00
curved_bow,Q4,vanilla,mid,light,0.28,18,17/18/19,10.87,0.00
curved_bow,Q4,vanilla,mid,medium,0.48,18,17/18/19,10.41,0.00
curved_bow,Q4,vanilla,mid,heavy,0.68,18,17/18/19,9.95,0.00
curved_bow,Q4,vanilla,far,none,0.00,22,21/22/23,0.00,0.00
curved_bow,Q4,vanilla,far,light,0.28,22,21/22/23,0.00,0.00
curved_bow,Q4,vanilla,far,medium,0.48,22,21/22/23,0.00,0.00
curved_bow,Q4,vanilla,far,heavy,0.68,22,21/22/23,0.00,0.00
curved_bow,Q4,vanilla,ultra_far,none,0.00,25,24/25/26,0.00,0.00
curved_bow,Q4,vanilla,ultra_far,light,0.28,25,24/25/26,0.00,0.00
curved_bow,Q4,vanilla,ultra_far,medium,0.48,25,24/25/26,0.00,0.00
curved_bow,Q4,vanilla,ultra_far,heavy,0.68,25,24/25/26,0.00,0.00
curved_bow,Q4,mod,near,none,0.00,10,9/10/11,20.76,20.37
curved_bow,Q4,mod,near,light,0.28,10,9/10/11,19.60,19.23
curved_bow,Q4,mod,near,medium,0.48,10,9/10/11,18.77,18.41
curved_bow,Q4,mod,near,heavy,0.68,10,9/10/11,17.94,17.60
curved_bow,Q4,mod,mid,none,0.00,18,17/18/19,17.60,17.21
curved_bow,Q4,mod,mid,light,0.28,18,17/18/19,16.62,16.24
curved_bow,Q4,mod,mid,medium,0.48,18,17/18/19,15.91,15.55
curved_bow,Q4,mod,mid,heavy,0.68,18,17/18/19,15.21,14.87
curved_bow,Q4,mod,far,none,0.00,22,21/22/23,10.81,0.00
curved_bow,Q4,mod,far,light,0.28,22,21/22/23,10.21,0.00
curved_bow,Q4,mod,far,medium,0.48,22,21/22/23,9.77,0.00
curved_bow,Q4,mod,far,heavy,0.68,22,21/22/23,9.34,0.00
curved_bow,Q4,mod,ultra_far,none,0.00,25,24/25/26,0.00,0.00
curved_bow,Q4,mod,ultra_far,light,0.28,25,24/25/26,0.00,0.00
curved_bow,Q4,mod,ultra_far,medium,0.48,25,24/25/26,0.00,0.00
curved_bow,Q4,mod,ultra_far,heavy,0.68,25,24/25/26,0.00,0.00
curved_bow,Q5,vanilla,near,none,0.00,10,9/10/11,20.64,20.30
curved_bow,Q5,vanilla,near,light,0.28,10,9/10/11,19.48,19.17
curved_bow,Q5,vanilla,near,medium,0.48,10,9/10/11,18.66,18.35
curved_bow,Q5,vanilla,near,heavy,0.68,10,9/10/11,17.83,17.54
curved_bow,Q5,vanilla,mid,none,0.00,18,17/18/19,12.08,0.00
curved_bow,Q5,vanilla,mid,light,0.28,18,17/18/19,11.40,0.00
curved_bow,Q5,vanilla,mid,medium,0.48,18,17/18/19,10.92,0.00
curved_bow,Q5,vanilla,mid,heavy,0.68,18,17/18/19,10.44,0.00
curved_bow,Q5,vanilla,far,none,0.00,22,21/22/23,0.00,0.00
curved_bow,Q5,vanilla,far,light,0.28,22,21/22/23,0.00,0.00
curved_bow,Q5,vanilla,far,medium,0.48,22,21/22/23,0.00,0.00
curved_bow,Q5,vanilla,far,heavy,0.68,22,21/22/23,0.00,0.00
curved_bow,Q5,vanilla,ultra_far,none,0.00,25,24/25/26,0.00,0.00
curved_bow,Q5,vanilla,ultra_far,light,0.28,25,24/25/26,0.00,0.00
curved_bow,Q5,vanilla,ultra_far,medium,0.48,25,24/25/26,0.00,0.00
curved_bow,Q5,vanilla,ultra_far,heavy,0.68,25,24/25/26,0.00,0.00
curved_bow,Q5,mod,near,none,0.00,10,9/10/11,22.50,22.13
curved_bow,Q5,mod,near,light,0.28,10,9/10/11,21.24,20.89
curved_bow,Q5,mod,near,medium,0.48,10,9/10/11,20.34,20.01
curved_bow,Q5,mod,near,heavy,0.68,10,9/10/11,19.44,19.12
curved_bow,Q5,mod,mid,none,0.00,18,17/18/19,19.57,19.20
curved_bow,Q5,mod,mid,light,0.28,18,17/18/19,18.47,18.13
curved_bow,Q5,mod,mid,medium,0.48,18,17/18/19,17.69,17.36
curved_bow,Q5,mod,mid,heavy,0.68,18,17/18/19,16.91,16.59
curved_bow,Q5,mod,far,none,0.00,22,21/22/23,12.19,0.00
curved_bow,Q5,mod,far,light,0.28,22,21/22/23,11.51,0.00
curved_bow,Q5,mod,far,medium,0.48,22,21/22/23,11.02,0.00
curved_bow,Q5,mod,far,heavy,0.68,22,21/22/23,10.53,0.00
curved_bow,Q5,mod,ultra_far,none,0.00,25,24/25/26,0.00,0.00
curved_bow,Q5,mod,ultra_far,light,0.28,25,24/25/26,0.00,0.00
curved_bow,Q5,mod,ultra_far,medium,0.48,25,24/25/26,0.00,0.00
curved_bow,Q5,mod,ultra_far,heavy,0.68,25,24/25/26,0.00,0.00
curved_bow,Q6,vanilla,near,none,0.00,10,9/10/11,21.12,20.83
curved_bow,Q6,vanilla,near,light,0.28,10,9/10/11,19.94,19.67
curved_bow,Q6,vanilla,near,medium,0.48,10,9/10/11,19.09,18.83
curved_bow,Q6,vanilla,near,heavy,0.68,10,9/10/11,18.25,18.00
curved_bow,Q6,vanilla,mid,none,0.00,18,17/18/19,12.64,0.00
curved_bow,Q6,vanilla,mid,light,0.28,18,17/18/19,11.93,0.00
curved_bow,Q6,vanilla,mid,medium,0.48,18,17/18/19,11.43,0.00
curved_bow,Q6,vanilla,mid,heavy,0.68,18,17/18/19,10.92,0.00
curved_bow,Q6,vanilla,far,none,0.00,22,21/22/23,0.00,0.00
curved_bow,Q6,vanilla,far,light,0.28,22,21/22/23,0.00,0.00
curved_bow,Q6,vanilla,far,medium,0.48,22,21/22/23,0.00,0.00
curved_bow,Q6,vanilla,far,heavy,0.68,22,21/22/23,0.00,0.00
curved_bow,Q6,vanilla,ultra_far,none,0.00,25,24/25/26,0.00,0.00
curved_bow,Q6,vanilla,ultra_far,light,0.28,25,24/25/26,0.00,0.00
curved_bow,Q6,vanilla,ultra_far,medium,0.48,25,24/25/26,0.00,0.00
curved_bow,Q6,vanilla,ultra_far,heavy,0.68,25,24/25/26,0.00,0.00
curved_bow,Q6,mod,near,none,0.00,10,9/10/11,24.29,23.96
curved_bow,Q6,mod,near,light,0.28,10,9/10/11,22.93,22.62
curved_bow,Q6,mod,near,medium,0.48,10,9/10/11,21.96,21.66
curved_bow,Q6,mod,near,heavy,0.68,10,9/10/11,20.98,20.70
curved_bow,Q6,mod,mid,none,0.00,18,17/18/19,21.64,21.31
curved_bow,Q6,mod,mid,light,0.28,18,17/18/19,20.43,20.11
curved_bow,Q6,mod,mid,medium,0.48,18,17/18/19,19.56,19.26
curved_bow,Q6,mod,mid,heavy,0.68,18,17/18/19,18.70,18.41
curved_bow,Q6,mod,far,none,0.00,22,21/22/23,20.31,19.98
curved_bow,Q6,mod,far,light,0.28,22,21/22/23,19.18,18.86
curved_bow,Q6,mod,far,medium,0.48,22,21/22/23,18.36,18.06
curved_bow,Q6,mod,far,heavy,0.68,22,21/22/23,17.55,17.26
curved_bow,Q6,mod,ultra_far,none,0.00,25,24/25/26,0.00,0.00
curved_bow,Q6,mod,ultra_far,light,0.28,25,24/25/26,0.00,0.00
curved_bow,Q6,mod,ultra_far,medium,0.48,25,24/25/26,0.00,0.00
curved_bow,Q6,mod,ultra_far,heavy,0.68,25,24/25/26,0.00,0.00
long_bow,Q1,vanilla,near,none,0.00,10,9/10/11,16.50,16.06
long_bow,Q1,vanilla,near,light,0.28,10,9/10/11,15.58,15.16
long_bow,Q1,vanilla,near,medium,0.48,10,9/10/11,14.92,14.52
long_bow,Q1,vanilla,near,heavy,0.68,10,9/10/11,14.26,13.88
long_bow,Q1,vanilla,mid,none,0.00,18,17/18/19,8.80,0.00
long_bow,Q1,vanilla,mid,light,0.28,18,17/18/19,8.31,0.00
long_bow,Q1,vanilla,mid,medium,0.48,18,17/18/19,7.96,0.00
long_bow,Q1,vanilla,mid,heavy,0.68,18,17/18/19,7.60,0.00
long_bow,Q1,vanilla,far,none,0.00,22,21/22/23,0.00,0.00
long_bow,Q1,vanilla,far,light,0.28,22,21/22/23,0.00,0.00
long_bow,Q1,vanilla,far,medium,0.48,22,21/22/23,0.00,0.00
long_bow,Q1,vanilla,far,heavy,0.68,22,21/22/23,0.00,0.00
long_bow,Q1,vanilla,ultra_far,none,0.00,25,24/25/26,0.00,0.00
long_bow,Q1,vanilla,ultra_far,light,0.28,25,24/25/26,0.00,0.00
long_bow,Q1,vanilla,ultra_far,medium,0.48,25,24/25/26,0.00,0.00
long_bow,Q1,vanilla,ultra_far,heavy,0.68,25,24/25/26,0.00,0.00
long_bow,Q1,mod,near,none,0.00,10,9/10/11,15.18,14.78
long_bow,Q1,mod,near,light,0.28,10,9/10/11,14.33,13.95
long_bow,Q1,mod,near,medium,0.48,10,9/10/11,13.72,13.36
long_bow,Q1,mod,near,heavy,0.68,10,9/10/11,13.12,12.77
long_bow,Q1,mod,mid,none,0.00,18,17/18/19,11.94,11.54
long_bow,Q1,mod,mid,light,0.28,18,17/18/19,11.27,10.89
long_bow,Q1,mod,mid,medium,0.48,18,17/18/19,10.80,10.43
long_bow,Q1,mod,mid,heavy,0.68,18,17/18/19,10.32,9.97
long_bow,Q1,mod,far,none,0.00,22,21/22/23,10.32,9.92
long_bow,Q1,mod,far,light,0.28,22,21/22/23,9.74,9.36
long_bow,Q1,mod,far,medium,0.48,22,21/22/23,9.33,8.97
long_bow,Q1,mod,far,heavy,0.68,22,21/22/23,8.92,8.57
long_bow,Q1,mod,ultra_far,none,0.00,25,24/25/26,0.00,0.00
long_bow,Q1,mod,ultra_far,light,0.28,25,24/25/26,0.00,0.00
long_bow,Q1,mod,ultra_far,medium,0.48,25,24/25/26,0.00,0.00
long_bow,Q1,mod,ultra_far,heavy,0.68,25,24/25/26,0.00,0.00
long_bow,Q2,vanilla,near,none,0.00,10,9/10/11,18.26,17.93
long_bow,Q2,vanilla,near,light,0.28,10,9/10/11,17.24,16.93
long_bow,Q2,vanilla,near,medium,0.48,10,9/10/11,16.51,16.21
long_bow,Q2,vanilla,near,heavy,0.68,10,9/10/11,15.78,15.49
long_bow,Q2,vanilla,mid,none,0.00,18,17/18/19,10.52,0.00
long_bow,Q2,vanilla,mid,light,0.28,18,17/18/19,9.93,0.00
long_bow,Q2,vanilla,mid,medium,0.48,18,17/18/19,9.51,0.00
long_bow,Q2,vanilla,mid,heavy,0.68,18,17/18/19,9.09,0.00
long_bow,Q2,vanilla,far,none,0.00,22,21/22/23,0.00,0.00
long_bow,Q2,vanilla,far,light,0.28,22,21/22/23,0.00,0.00
long_bow,Q2,vanilla,far,medium,0.48,22,21/22/23,0.00,0.00
long_bow,Q2,vanilla,far,heavy,0.68,22,21/22/23,0.00,0.00
long_bow,Q2,vanilla,ultra_far,none,0.00,25,24/25/26,0.00,0.00
long_bow,Q2,vanilla,ultra_far,light,0.28,25,24/25/26,0.00,0.00
long_bow,Q2,vanilla,ultra_far,medium,0.48,25,24/25/26,0.00,0.00
long_bow,Q2,vanilla,ultra_far,heavy,0.68,25,24/25/26,0.00,0.00
long_bow,Q2,mod,near,none,0.00,10,9/10/11,17.35,17.03
long_bow,Q2,mod,near,light,0.28,10,9/10/11,16.38,16.08
long_bow,Q2,mod,near,medium,0.48,10,9/10/11,15.68,15.40
long_bow,Q2,mod,near,heavy,0.68,10,9/10/11,14.99,14.72
long_bow,Q2,mod,mid,none,0.00,18,17/18/19,14.84,14.53
long_bow,Q2,mod,mid,light,0.28,18,17/18/19,14.01,13.71
long_bow,Q2,mod,mid,medium,0.48,18,17/18/19,13.41,13.13
long_bow,Q2,mod,mid,heavy,0.68,18,17/18/19,12.82,12.55
long_bow,Q2,mod,far,none,0.00,22,21/22/23,13.58,13.27
long_bow,Q2,mod,far,light,0.28,22,21/22/23,12.82,12.53
long_bow,Q2,mod,far,medium,0.48,22,21/22/23,12.28,12.00
long_bow,Q2,mod,far,heavy,0.68,22,21/22/23,11.74,11.47
long_bow,Q2,mod,ultra_far,none,0.00,25,24/25/26,0.00,0.00
long_bow,Q2,mod,ultra_far,light,0.28,25,24/25/26,0.00,0.00
long_bow,Q2,mod,ultra_far,medium,0.48,25,24/25/26,0.00,0.00
long_bow,Q2,mod,ultra_far,heavy,0.68,25,24/25/26,0.00,0.00
long_bow,Q3,vanilla,near,none,0.00,10,9/10/11,19.80,19.58
long_bow,Q3,vanilla,near,light,0.28,10,9/10/11,18.69,18.48
long_bow,Q3,vanilla,near,medium,0.48,10,9/10/11,17.90,17.70
long_bow,Q3,vanilla,near,heavy,0.68,10,9/10/11,17.11,16.92
long_bow,Q3,vanilla,mid,none,0.00,18,17/18/19,12.10,0.00
long_bow,Q3,vanilla,mid,light,0.28,18,17/18/19,11.42,0.00
long_bow,Q3,vanilla,mid,medium,0.48,18,17/18/19,10.94,0.00
long_bow,Q3,vanilla,mid,heavy,0.68,18,17/18/19,10.45,0.00
long_bow,Q3,vanilla,far,none,0.00,22,21/22/23,0.00,0.00
long_bow,Q3,vanilla,far,light,0.28,22,21/22/23,0.00,0.00
long_bow,Q3,vanilla,far,medium,0.48,22,21/22/23,0.00,0.00
long_bow,Q3,vanilla,far,heavy,0.68,22,21/22/23,0.00,0.00
long_bow,Q3,vanilla,ultra_far,none,0.00,25,24/25/26,0.00,0.00
long_bow,Q3,vanilla,ultra_far,light,0.28,25,24/25/26,0.00,0.00
long_bow,Q3,vanilla,ultra_far,medium,0.48,25,24/25/26,0.00,0.00
long_bow,Q3,vanilla,ultra_far,heavy,0.68,25,24/25/26,0.00,0.00
long_bow,Q3,mod,near,none,0.00,10,9/10/11,19.40,19.19
long_bow,Q3,mod,near,light,0.28,10,9/10/11,18.32,18.11
long_bow,Q3,mod,near,medium,0.48,10,9/10/11,17.54,17.35
long_bow,Q3,mod,near,heavy,0.68,10,9/10/11,16.77,16.58
long_bow,Q3,mod,mid,none,0.00,18,17/18/19,17.68,17.46
long_bow,Q3,mod,mid,light,0.28,18,17/18/19,16.69,16.49
long_bow,Q3,mod,mid,medium,0.48,18,17/18/19,15.98,15.79
long_bow,Q3,mod,mid,heavy,0.68,18,17/18/19,15.27,15.09
long_bow,Q3,mod,far,none,0.00,22,21/22/23,16.82,16.60
long_bow,Q3,mod,far,light,0.28,22,21/22/23,15.88,15.67
long_bow,Q3,mod,far,medium,0.48,22,21/22/23,15.20,15.01
long_bow,Q3,mod,far,heavy,0.68,22,21/22/23,14.53,14.34
long_bow,Q3,mod,ultra_far,none,0.00,25,24/25/26,0.00,0.00
long_bow,Q3,mod,ultra_far,light,0.28,25,24/25/26,0.00,0.00
long_bow,Q3,mod,ultra_far,medium,0.48,25,24/25/26,0.00,0.00
long_bow,Q3,mod,ultra_far,heavy,0.68,25,24/25/26,0.00,0.00
long_bow,Q4,vanilla,near,none,0.00,10,9/10/11,20.24,20.06
long_bow,Q4,vanilla,near,light,0.28,10,9/10/11,19.11,18.94
long_bow,Q4,vanilla,near,medium,0.48,10,9/10/11,18.30,18.14
long_bow,Q4,vanilla,near,heavy,0.68,10,9/10/11,17.49,17.34
long_bow,Q4,vanilla,mid,none,0.00,18,17/18/19,12.61,0.00
long_bow,Q4,vanilla,mid,light,0.28,18,17/18/19,11.91,0.00
long_bow,Q4,vanilla,mid,medium,0.48,18,17/18/19,11.40,0.00
long_bow,Q4,vanilla,mid,heavy,0.68,18,17/18/19,10.90,0.00
long_bow,Q4,vanilla,far,none,0.00,22,21/22/23,0.00,0.00
long_bow,Q4,vanilla,far,light,0.28,22,21/22/23,0.00,0.00
long_bow,Q4,vanilla,far,medium,0.48,22,21/22/23,0.00,0.00
long_bow,Q4,vanilla,far,heavy,0.68,22,21/22/23,0.00,0.00
long_bow,Q4,vanilla,ultra_far,none,0.00,25,24/25/26,0.00,0.00
long_bow,Q4,vanilla,ultra_far,light,0.28,25,24/25/26,0.00,0.00
long_bow,Q4,vanilla,ultra_far,medium,0.48,25,24/25/26,0.00,0.00
long_bow,Q4,vanilla,ultra_far,heavy,0.68,25,24/25/26,0.00,0.00
long_bow,Q4,mod,near,none,0.00,10,9/10/11,20.85,20.67
long_bow,Q4,mod,near,light,0.28,10,9/10/11,19.68,19.51
long_bow,Q4,mod,near,medium,0.48,10,9/10/11,18.85,18.68
long_bow,Q4,mod,near,heavy,0.68,10,9/10/11,18.01,17.86
long_bow,Q4,mod,mid,none,0.00,18,17/18/19,19.40,19.22
long_bow,Q4,mod,mid,light,0.28,18,17/18/19,18.31,18.14
long_bow,Q4,mod,mid,medium,0.48,18,17/18/19,17.53,17.37
long_bow,Q4,mod,mid,heavy,0.68,18,17/18/19,16.76,16.60
long_bow,Q4,mod,far,none,0.00,22,21/22/23,18.67,18.49
long_bow,Q4,mod,far,light,0.28,22,21/22/23,17.63,17.46
long_bow,Q4,mod,far,medium,0.48,22,21/22/23,16.88,16.72
long_bow,Q4,mod,far,heavy,0.68,22,21/22/23,16.13,15.98
long_bow,Q4,mod,ultra_far,none,0.00,25,24/25/26,6.10,0.00
long_bow,Q4,mod,ultra_far,light,0.28,25,24/25/26,5.76,0.00
long_bow,Q4,mod,ultra_far,medium,0.48,25,24/25/26,5.52,0.00
long_bow,Q4,mod,ultra_far,heavy,0.68,25,24/25/26,5.27,0.00
long_bow,Q5,vanilla,near,none,0.00,10,9/10/11,20.46,20.31
long_bow,Q5,vanilla,near,light,0.28,10,9/10/11,19.31,19.17
long_bow,Q5,vanilla,near,medium,0.48,10,9/10/11,18.50,18.36
long_bow,Q5,vanilla,near,heavy,0.68,10,9/10/11,17.68,17.54
long_bow,Q5,vanilla,mid,none,0.00,18,17/18/19,12.87,0.00
long_bow,Q5,vanilla,mid,light,0.28,18,17/18/19,12.15,0.00
long_bow,Q5,vanilla,mid,medium,0.48,18,17/18/19,11.63,0.00
long_bow,Q5,vanilla,mid,heavy,0.68,18,17/18/19,11.12,0.00
long_bow,Q5,vanilla,far,none,0.00,22,21/22/23,0.00,0.00
long_bow,Q5,vanilla,far,light,0.28,22,21/22/23,0.00,0.00
long_bow,Q5,vanilla,far,medium,0.48,22,21/22/23,0.00,0.00
long_bow,Q5,vanilla,far,heavy,0.68,22,21/22/23,0.00,0.00
long_bow,Q5,vanilla,ultra_far,none,0.00,25,24/25/26,0.00,0.00
long_bow,Q5,vanilla,ultra_far,light,0.28,25,24/25/26,0.00,0.00
long_bow,Q5,vanilla,ultra_far,medium,0.48,25,24/25/26,0.00,0.00
long_bow,Q5,vanilla,ultra_far,heavy,0.68,25,24/25/26,0.00,0.00
long_bow,Q5,mod,near,none,0.00,10,9/10/11,22.30,22.13
long_bow,Q5,mod,near,light,0.28,10,9/10/11,21.05,20.89
long_bow,Q5,mod,near,medium,0.48,10,9/10/11,20.16,20.01
long_bow,Q5,mod,near,heavy,0.68,10,9/10/11,19.27,19.12
long_bow,Q5,mod,mid,none,0.00,18,17/18/19,20.96,20.79
long_bow,Q5,mod,mid,light,0.28,18,17/18/19,19.78,19.63
long_bow,Q5,mod,mid,medium,0.48,18,17/18/19,18.95,18.79
long_bow,Q5,mod,mid,heavy,0.68,18,17/18/19,18.11,17.96
long_bow,Q5,mod,far,none,0.00,22,21/22/23,20.29,20.12
long_bow,Q5,mod,far,light,0.28,22,21/22/23,19.15,18.99
long_bow,Q5,mod,far,medium,0.48,22,21/22/23,18.34,18.19
long_bow,Q5,mod,far,heavy,0.68,22,21/22/23,17.53,17.38
long_bow,Q5,mod,ultra_far,none,0.00,25,24/25/26,6.65,0.00
long_bow,Q5,mod,ultra_far,light,0.28,25,24/25/26,6.28,0.00
long_bow,Q5,mod,ultra_far,medium,0.48,25,24/25/26,6.01,0.00
long_bow,Q5,mod,ultra_far,heavy,0.68,25,24/25/26,5.75,0.00
long_bow,Q6,vanilla,near,none,0.00,10,9/10/11,20.68,20.55
long_bow,Q6,vanilla,near,light,0.28,10,9/10/11,19.52,19.40
long_bow,Q6,vanilla,near,medium,0.48,10,9/10/11,18.69,18.58
long_bow,Q6,vanilla,near,heavy,0.68,10,9/10/11,17.87,17.75
long_bow,Q6,vanilla,mid,none,0.00,18,17/18/19,13.13,0.00
long_bow,Q6,vanilla,mid,light,0.28,18,17/18/19,12.39,0.00
long_bow,Q6,vanilla,mid,medium,0.48,18,17/18/19,11.87,0.00
long_bow,Q6,vanilla,mid,heavy,0.68,18,17/18/19,11.34,0.00
long_bow,Q6,vanilla,far,none,0.00,22,21/22/23,0.00,0.00
long_bow,Q6,vanilla,far,light,0.28,22,21/22/23,0.00,0.00
long_bow,Q6,vanilla,far,medium,0.48,22,21/22/23,0.00,0.00
long_bow,Q6,vanilla,far,heavy,0.68,22,21/22/23,0.00,0.00
long_bow,Q6,vanilla,ultra_far,none,0.00,25,24/25/26,0.00,0.00
long_bow,Q6,vanilla,ultra_far,light,0.28,25,24/25/26,0.00,0.00
long_bow,Q6,vanilla,ultra_far,medium,0.48,25,24/25/26,0.00,0.00
long_bow,Q6,vanilla,ultra_far,heavy,0.68,25,24/25/26,0.00,0.00
long_bow,Q6,mod,near,none,0.00,10,9/10/11,23.78,23.63
long_bow,Q6,mod,near,light,0.28,10,9/10/11,22.45,22.31
long_bow,Q6,mod,near,medium,0.48,10,9/10/11,21.50,21.36
long_bow,Q6,mod,near,heavy,0.68,10,9/10/11,20.55,20.42
long_bow,Q6,mod,mid,none,0.00,18,17/18/19,22.57,22.42
long_bow,Q6,mod,mid,light,0.28,18,17/18/19,21.30,21.16
long_bow,Q6,mod,mid,medium,0.48,18,17/18/19,20.40,20.26
long_bow,Q6,mod,mid,heavy,0.68,18,17/18/19,19.50,19.37
long_bow,Q6,mod,far,none,0.00,22,21/22/23,21.96,21.81
long_bow,Q6,mod,far,light,0.28,22,21/22/23,20.73,20.59
long_bow,Q6,mod,far,medium,0.48,22,21/22/23,19.85,19.71
long_bow,Q6,mod,far,heavy,0.68,22,21/22/23,18.97,18.84
long_bow,Q6,mod,ultra_far,none,0.00,25,24/25/26,14.39,0.00
long_bow,Q6,mod,ultra_far,light,0.28,25,24/25/26,13.58,0.00
long_bow,Q6,mod,ultra_far,medium,0.48,25,24/25/26,13.01,0.00
long_bow,Q6,mod,ultra_far,heavy,0.68,25,24/25/26,12.43,0.00
light_crossbow,Q1,vanilla,near,none,0.00,10,9/10/11,15.60,15.18
light_crossbow,Q1,vanilla,near,light,0.28,10,9/10/11,15.16,14.76
light_crossbow,Q1,vanilla,near,medium,0.48,10,9/10/11,14.85,14.46
light_crossbow,Q1,vanilla,near,heavy,0.68,10,9/10/11,14.54,14.15
light_crossbow,Q1,vanilla,mid,none,0.00,18,17/18/19,12.27,11.86
light_crossbow,Q1,vanilla,mid,light,0.28,18,17/18/19,11.93,11.52
light_crossbow,Q1,vanilla,mid,medium,0.48,18,17/18/19,11.68,11.29
light_crossbow,Q1,vanilla,mid,heavy,0.68,18,17/18/19,11.44,11.05
light_crossbow,Q1,vanilla,far,none,0.00,22,21/22/23,10.61,10.19
light_crossbow,Q1,vanilla,far,light,0.28,22,21/22/23,10.31,9.91
light_crossbow,Q1,vanilla,far,medium,0.48,22,21/22/23,10.10,9.70
light_crossbow,Q1,vanilla,far,heavy,0.68,22,21/22/23,9.89,9.50
light_crossbow,Q1,vanilla,ultra_far,none,0.00,25,24/25/26,6.38,0.00
light_crossbow,Q1,vanilla,ultra_far,light,0.28,25,24/25/26,6.20,0.00
light_crossbow,Q1,vanilla,ultra_far,medium,0.48,25,24/25/26,6.07,0.00
light_crossbow,Q1,vanilla,ultra_far,heavy,0.68,25,24/25/26,5.94,0.00
light_crossbow,Q1,mod,near,none,0.00,10,9/10/11,18.33,17.84
light_crossbow,Q1,mod,near,light,0.28,10,9/10/11,17.82,17.34
light_crossbow,Q1,mod,near,medium,0.48,10,9/10/11,17.45,16.98
light_crossbow,Q1,mod,near,heavy,0.68,10,9/10/11,17.08,16.63
light_crossbow,Q1,mod,mid,none,0.00,18,17/18/19,0.00,0.00
light_crossbow,Q1,mod,mid,light,0.28,18,17/18/19,0.00,0.00
light_crossbow,Q1,mod,mid,medium,0.48,18,17/18/19,0.00,0.00
light_crossbow,Q1,mod,mid,heavy,0.68,18,17/18/19,0.00,0.00
light_crossbow,Q1,mod,far,none,0.00,22,21/22/23,0.00,0.00
light_crossbow,Q1,mod,far,light,0.28,22,21/22/23,0.00,0.00
light_crossbow,Q1,mod,far,medium,0.48,22,21/22/23,0.00,0.00
light_crossbow,Q1,mod,far,heavy,0.68,22,21/22/23,0.00,0.00
light_crossbow,Q1,mod,ultra_far,none,0.00,25,24/25/26,0.00,0.00
light_crossbow,Q1,mod,ultra_far,light,0.28,25,24/25/26,0.00,0.00
light_crossbow,Q1,mod,ultra_far,medium,0.48,25,24/25/26,0.00,0.00
light_crossbow,Q1,mod,ultra_far,heavy,0.68,25,24/25/26,0.00,0.00
light_crossbow,Q2,vanilla,near,none,0.00,10,9/10/11,20.52,20.15
light_crossbow,Q2,vanilla,near,light,0.28,10,9/10/11,19.95,19.59
light_crossbow,Q2,vanilla,near,medium,0.48,10,9/10/11,19.54,19.18
light_crossbow,Q2,vanilla,near,heavy,0.68,10,9/10/11,19.13,18.78
light_crossbow,Q2,vanilla,mid,none,0.00,18,17/18/19,17.56,17.18
light_crossbow,Q2,vanilla,mid,light,0.28,18,17/18/19,17.06,16.70
light_crossbow,Q2,vanilla,mid,medium,0.48,18,17/18/19,16.71,16.36
light_crossbow,Q2,vanilla,mid,heavy,0.68,18,17/18/19,16.36,16.02
light_crossbow,Q2,vanilla,far,none,0.00,22,21/22/23,16.07,15.70
light_crossbow,Q2,vanilla,far,light,0.28,22,21/22/23,15.62,15.26
light_crossbow,Q2,vanilla,far,medium,0.48,22,21/22/23,15.30,14.95
light_crossbow,Q2,vanilla,far,heavy,0.68,22,21/22/23,14.98,14.63
light_crossbow,Q2,vanilla,ultra_far,none,0.00,25,24/25/26,10.10,0.00
light_crossbow,Q2,vanilla,ultra_far,light,0.28,25,24/25/26,9.81,0.00
light_crossbow,Q2,vanilla,ultra_far,medium,0.48,25,24/25/26,9.61,0.00
light_crossbow,Q2,vanilla,ultra_far,heavy,0.68,25,24/25/26,9.41,0.00
light_crossbow,Q2,mod,near,none,0.00,10,9/10/11,20.93,20.55
light_crossbow,Q2,mod,near,light,0.28,10,9/10/11,20.35,19.98
light_crossbow,Q2,mod,near,medium,0.48,10,9/10/11,19.93,19.57
light_crossbow,Q2,mod,near,heavy,0.68,10,9/10/11,19.51,19.16
light_crossbow,Q2,mod,mid,none,0.00,18,17/18/19,0.00,0.00
light_crossbow,Q2,mod,mid,light,0.28,18,17/18/19,0.00,0.00
light_crossbow,Q2,mod,mid,medium,0.48,18,17/18/19,0.00,0.00
light_crossbow,Q2,mod,mid,heavy,0.68,18,17/18/19,0.00,0.00
light_crossbow,Q2,mod,far,none,0.00,22,21/22/23,0.00,0.00
light_crossbow,Q2,mod,far,light,0.28,22,21/22/23,0.00,0.00
light_crossbow,Q2,mod,far,medium,0.48,22,21/22/23,0.00,0.00
light_crossbow,Q2,mod,far,heavy,0.68,22,21/22/23,0.00,0.00
light_crossbow,Q2,mod,ultra_far,none,0.00,25,24/25/26,0.00,0.00
light_crossbow,Q2,mod,ultra_far,light,0.28,25,24/25/26,0.00,0.00
light_crossbow,Q2,mod,ultra_far,medium,0.48,25,24/25/26,0.00,0.00
light_crossbow,Q2,mod,ultra_far,heavy,0.68,25,24/25/26,0.00,0.00
light_crossbow,Q3,vanilla,near,none,0.00,10,9/10/11,23.40,23.14
light_crossbow,Q3,vanilla,near,light,0.28,10,9/10/11,22.74,22.49
light_crossbow,Q3,vanilla,near,medium,0.48,10,9/10/11,22.28,22.03
light_crossbow,Q3,vanilla,near,heavy,0.68,10,9/10/11,21.81,21.57
light_crossbow,Q3,vanilla,mid,none,0.00,18,17/18/19,21.32,21.06
light_crossbow,Q3,vanilla,mid,light,0.28,18,17/18/19,20.72,20.47
light_crossbow,Q3,vanilla,mid,medium,0.48,18,17/18/19,20.30,20.05
light_crossbow,Q3,vanilla,mid,heavy,0.68,18,17/18/19,19.87,19.63
light_crossbow,Q3,vanilla,far,none,0.00,22,21/22/23,20.28,20.02
light_crossbow,Q3,vanilla,far,light,0.28,22,21/22/23,19.71,19.46
light_crossbow,Q3,vanilla,far,medium,0.48,22,21/22/23,19.31,19.06
light_crossbow,Q3,vanilla,far,heavy,0.68,22,21/22/23,18.90,18.66
light_crossbow,Q3,vanilla,ultra_far,none,0.00,25,24/25/26,13.09,0.00
light_crossbow,Q3,vanilla,ultra_far,light,0.28,25,24/25/26,12.72,0.00
light_crossbow,Q3,vanilla,ultra_far,medium,0.48,25,24/25/26,12.46,0.00
light_crossbow,Q3,vanilla,ultra_far,heavy,0.68,25,24/25/26,12.20,0.00
light_crossbow,Q3,mod,near,none,0.00,10,9/10/11,23.40,23.14
light_crossbow,Q3,mod,near,light,0.28,10,9/10/11,22.74,22.49
light_crossbow,Q3,mod,near,medium,0.48,10,9/10/11,22.28,22.03
light_crossbow,Q3,mod,near,heavy,0.68,10,9/10/11,21.81,21.57
light_crossbow,Q3,mod,mid,none,0.00,18,17/18/19,0.00,0.00
light_crossbow,Q3,mod,mid,light,0.28,18,17/18/19,0.00,0.00
light_crossbow,Q3,mod,mid,medium,0.48,18,17/18/19,0.00,0.00
light_crossbow,Q3,mod,mid,heavy,0.68,18,17/18/19,0.00,0.00
light_crossbow,Q3,mod,far,none,0.00,22,21/22/23,0.00,0.00
light_crossbow,Q3,mod,far,light,0.28,22,21/22/23,0.00,0.00
light_crossbow,Q3,mod,far,medium,0.48,22,21/22/23,0.00,0.00
light_crossbow,Q3,mod,far,heavy,0.68,22,21/22/23,0.00,0.00
light_crossbow,Q3,mod,ultra_far,none,0.00,25,24/25/26,0.00,0.00
light_crossbow,Q3,mod,ultra_far,light,0.28,25,24/25/26,0.00,0.00
light_crossbow,Q3,mod,ultra_far,medium,0.48,25,24/25/26,0.00,0.00
light_crossbow,Q3,mod,ultra_far,heavy,0.68,25,24/25/26,0.00,0.00
light_crossbow,Q4,vanilla,near,none,0.00,10,9/10/11,26.31,26.08
light_crossbow,Q4,vanilla,near,light,0.28,10,9/10/11,25.58,25.35
light_crossbow,Q4,vanilla,near,medium,0.48,10,9/10/11,25.05,24.83
light_crossbow,Q4,vanilla,near,heavy,0.68,10,9/10/11,24.52,24.31
light_crossbow,Q4,vanilla,mid,none,0.00,18,17/18/19,24.48,24.25
light_crossbow,Q4,vanilla,mid,light,0.28,18,17/18/19,23.80,23.57
light_crossbow,Q4,vanilla,mid,medium,0.48,18,17/18/19,23.31,23.09
light_crossbow,Q4,vanilla,mid,heavy,0.68,18,17/18/19,22.82,22.60
light_crossbow,Q4,vanilla,far,none,0.00,22,21/22/23,23.57,23.34
light_crossbow,Q4,vanilla,far,light,0.28,22,21/22/23,22.91,22.68
light_crossbow,Q4,vanilla,far,medium,0.48,22,21/22/23,22.44,22.22
light_crossbow,Q4,vanilla,far,heavy,0.68,22,21/22/23,21.96,21.75
light_crossbow,Q4,vanilla,ultra_far,none,0.00,25,24/25/26,15.33,0.00
light_crossbow,Q4,vanilla,ultra_far,light,0.28,25,24/25/26,14.90,0.00
light_crossbow,Q4,vanilla,ultra_far,medium,0.48,25,24/25/26,14.59,0.00
light_crossbow,Q4,vanilla,ultra_far,heavy,0.68,25,24/25/26,14.29,0.00
light_crossbow,Q4,mod,near,none,0.00,10,9/10/11,24.40,24.19
light_crossbow,Q4,mod,near,light,0.28,10,9/10/11,23.72,23.51
light_crossbow,Q4,mod,near,medium,0.48,10,9/10/11,23.23,23.03
light_crossbow,Q4,mod,near,heavy,0.68,10,9/10/11,22.74,22.54
light_crossbow,Q4,mod,mid,none,0.00,18,17/18/19,0.00,0.00
light_crossbow,Q4,mod,mid,light,0.28,18,17/18/19,0.00,0.00
light_crossbow,Q4,mod,mid,medium,0.48,18,17/18/19,0.00,0.00
light_crossbow,Q4,mod,mid,heavy,0.68,18,17/18/19,0.00,0.00
light_crossbow,Q4,mod,far,none,0.00,22,21/22/23,0.00,0.00
light_crossbow,Q4,mod,far,light,0.28,22,21/22/23,0.00,0.00
light_crossbow,Q4,mod,far,medium,0.48,22,21/22/23,0.00,0.00
light_crossbow,Q4,mod,far,heavy,0.68,22,21/22/23,0.00,0.00
light_crossbow,Q4,mod,ultra_far,none,0.00,25,24/25/26,0.00,0.00
light_crossbow,Q4,mod,ultra_far,light,0.28,25,24/25/26,0.00,0.00
light_crossbow,Q4,mod,ultra_far,medium,0.48,25,24/25/26,0.00,0.00
light_crossbow,Q4,mod,ultra_far,heavy,0.68,25,24/25/26,0.00,0.00
light_crossbow,Q5,vanilla,near,none,0.00,10,9/10/11,29.02,28.80
light_crossbow,Q5,vanilla,near,light,0.28,10,9/10/11,28.20,27.99
light_crossbow,Q5,vanilla,near,medium,0.48,10,9/10/11,27.62,27.42
light_crossbow,Q5,vanilla,near,heavy,0.68,10,9/10/11,27.04,26.84
light_crossbow,Q5,vanilla,mid,none,0.00,18,17/18/19,27.27,27.05
light_crossbow,Q5,vanilla,mid,light,0.28,18,17/18/19,26.51,26.29
light_crossbow,Q5,vanilla,mid,medium,0.48,18,17/18/19,25.96,25.75
light_crossbow,Q5,vanilla,mid,heavy,0.68,18,17/18/19,25.41,25.21
light_crossbow,Q5,vanilla,far,none,0.00,22,21/22/23,26.40,26.18
light_crossbow,Q5,vanilla,far,light,0.28,22,21/22/23,25.66,25.44
light_crossbow,Q5,vanilla,far,medium,0.48,22,21/22/23,25.13,24.92
light_crossbow,Q5,vanilla,far,heavy,0.68,22,21/22/23,24.60,24.40
light_crossbow,Q5,vanilla,ultra_far,none,0.00,25,24/25/26,17.23,0.00
light_crossbow,Q5,vanilla,ultra_far,light,0.28,25,24/25/26,16.75,0.00
light_crossbow,Q5,vanilla,ultra_far,medium,0.48,25,24/25/26,16.41,0.00
light_crossbow,Q5,vanilla,ultra_far,heavy,0.68,25,24/25/26,16.06,0.00
light_crossbow,Q5,mod,near,none,0.00,10,9/10/11,25.15,24.96
light_crossbow,Q5,mod,near,light,0.28,10,9/10/11,24.44,24.26
light_crossbow,Q5,mod,near,medium,0.48,10,9/10/11,23.94,23.76
light_crossbow,Q5,mod,near,heavy,0.68,10,9/10/11,23.44,23.26
light_crossbow,Q5,mod,mid,none,0.00,18,17/18/19,0.00,0.00
light_crossbow,Q5,mod,mid,light,0.28,18,17/18/19,0.00,0.00
light_crossbow,Q5,mod,mid,medium,0.48,18,17/18/19,0.00,0.00
light_crossbow,Q5,mod,mid,heavy,0.68,18,17/18/19,0.00,0.00
light_crossbow,Q5,mod,far,none,0.00,22,21/22/23,0.00,0.00
light_crossbow,Q5,mod,far,light,0.28,22,21/22/23,0.00,0.00
light_crossbow,Q5,mod,far,medium,0.48,22,21/22/23,0.00,0.00
light_crossbow,Q5,mod,far,heavy,0.68,22,21/22/23,0.00,0.00
light_crossbow,Q5,mod,ultra_far,none,0.00,25,24/25/26,0.00,0.00
light_crossbow,Q5,mod,ultra_far,light,0.28,25,24/25/26,0.00,0.00
light_crossbow,Q5,mod,ultra_far,medium,0.48,25,24/25/26,0.00,0.00
light_crossbow,Q5,mod,ultra_far,heavy,0.68,25,24/25/26,0.00,0.00
light_crossbow,Q6,vanilla,near,none,0.00,10,9/10/11,34.22,34.00
light_crossbow,Q6,vanilla,near,light,0.28,10,9/10/11,33.26,33.05
light_crossbow,Q6,vanilla,near,medium,0.48,10,9/10/11,32.57,32.37
light_crossbow,Q6,vanilla,near,heavy,0.68,10,9/10/11,31.89,31.69
light_crossbow,Q6,vanilla,mid,none,0.00,18,17/18/19,32.47,32.25
light_crossbow,Q6,vanilla,mid,light,0.28,18,17/18/19,31.56,31.35
light_crossbow,Q6,vanilla,mid,medium,0.48,18,17/18/19,30.91,30.70
light_crossbow,Q6,vanilla,mid,heavy,0.68,18,17/18/19,30.26,30.06
light_crossbow,Q6,vanilla,far,none,0.00,22,21/22/23,31.60,31.38
light_crossbow,Q6,vanilla,far,light,0.28,22,21/22/23,30.71,30.50
light_crossbow,Q6,vanilla,far,medium,0.48,22,21/22/23,30.08,29.87
light_crossbow,Q6,vanilla,far,heavy,0.68,22,21/22/23,29.45,29.24
light_crossbow,Q6,vanilla,ultra_far,none,0.00,25,24/25/26,20.70,0.00
light_crossbow,Q6,vanilla,ultra_far,light,0.28,25,24/25/26,20.12,0.00
light_crossbow,Q6,vanilla,ultra_far,medium,0.48,25,24/25/26,19.71,0.00
light_crossbow,Q6,vanilla,ultra_far,heavy,0.68,25,24/25/26,19.29,0.00
light_crossbow,Q6,mod,near,none,0.00,10,9/10/11,25.91,25.74
light_crossbow,Q6,mod,near,light,0.28,10,9/10/11,25.18,25.02
light_crossbow,Q6,mod,near,medium,0.48,10,9/10/11,24.66,24.51
light_crossbow,Q6,mod,near,heavy,0.68,10,9/10/11,24.14,23.99
light_crossbow,Q6,mod,mid,none,0.00,18,17/18/19,0.00,0.00
light_crossbow,Q6,mod,mid,light,0.28,18,17/18/19,0.00,0.00
light_crossbow,Q6,mod,mid,medium,0.48,18,17/18/19,0.00,0.00
light_crossbow,Q6,mod,mid,heavy,0.68,18,17/18/19,0.00,0.00
light_crossbow,Q6,mod,far,none,0.00,22,21/22/23,0.00,0.00
light_crossbow,Q6,mod,far,light,0.28,22,21/22/23,0.00,0.00
light_crossbow,Q6,mod,far,medium,0.48,22,21/22/23,0.00,0.00
light_crossbow,Q6,mod,far,heavy,0.68,22,21/22/23,0.00,0.00
light_crossbow,Q6,mod,ultra_far,none,0.00,25,24/25/26,0.00,0.00
light_crossbow,Q6,mod,ultra_far,light,0.28,25,24/25/26,0.00,0.00
light_crossbow,Q6,mod,ultra_far,medium,0.48,25,24/25/26,0.00,0.00
light_crossbow,Q6,mod,ultra_far,heavy,0.68,25,24/25/26,0.00,0.00
crossbow,Q1,vanilla,near,none,0.00,10,9/10/11,15.60,15.18
crossbow,Q1,vanilla,near,light,0.28,10,9/10/11,15.16,14.76
crossbow,Q1,vanilla,near,medium,0.48,10,9/10/11,14.85,14.46
crossbow,Q1,vanilla,near,heavy,0.68,10,9/10/11,14.54,14.15
crossbow,Q1,vanilla,mid,none,0.00,18,17/18/19,12.27,11.86
crossbow,Q1,vanilla,mid,light,0.28,18,17/18/19,11.93,11.52
crossbow,Q1,vanilla,mid,medium,0.48,18,17/18/19,11.68,11.29
crossbow,Q1,vanilla,mid,heavy,0.68,18,17/18/19,11.44,11.05
crossbow,Q1,vanilla,far,none,0.00,22,21/22/23,10.61,10.19
crossbow,Q1,vanilla,far,light,0.28,22,21/22/23,10.31,9.91
crossbow,Q1,vanilla,far,medium,0.48,22,21/22/23,10.10,9.70
crossbow,Q1,vanilla,far,heavy,0.68,22,21/22/23,9.89,9.50
crossbow,Q1,vanilla,ultra_far,none,0.00,25,24/25/26,6.38,0.00
crossbow,Q1,vanilla,ultra_far,light,0.28,25,24/25/26,6.20,0.00
crossbow,Q1,vanilla,ultra_far,medium,0.48,25,24/25/26,6.07,0.00
crossbow,Q1,vanilla,ultra_far,heavy,0.68,25,24/25/26,5.94,0.00
crossbow,Q1,mod,near,none,0.00,10,9/10/11,18.33,17.84
crossbow,Q1,mod,near,light,0.28,10,9/10/11,17.82,17.34
crossbow,Q1,mod,near,medium,0.48,10,9/10/11,17.45,16.98
crossbow,Q1,mod,near,heavy,0.68,10,9/10/11,17.08,16.63
crossbow,Q1,mod,mid,none,0.00,18,17/18/19,4.97,0.00
crossbow,Q1,mod,mid,light,0.28,18,17/18/19,4.83,0.00
crossbow,Q1,mod,mid,medium,0.48,18,17/18/19,4.73,0.00
crossbow,Q1,mod,mid,heavy,0.68,18,17/18/19,4.63,0.00
crossbow,Q1,mod,far,none,0.00,22,21/22/23,0.00,0.00
crossbow,Q1,mod,far,light,0.28,22,21/22/23,0.00,0.00
crossbow,Q1,mod,far,medium,0.48,22,21/22/23,0.00,0.00
crossbow,Q1,mod,far,heavy,0.68,22,21/22/23,0.00,0.00
crossbow,Q1,mod,ultra_far,none,0.00,25,24/25/26,0.00,0.00
crossbow,Q1,mod,ultra_far,light,0.28,25,24/25/26,0.00,0.00
crossbow,Q1,mod,ultra_far,medium,0.48,25,24/25/26,0.00,0.00
crossbow,Q1,mod,ultra_far,heavy,0.68,25,24/25/26,0.00,0.00
crossbow,Q2,vanilla,near,none,0.00,10,9/10/11,20.52,20.15
crossbow,Q2,vanilla,near,light,0.28,10,9/10/11,19.95,19.59
crossbow,Q2,vanilla,near,medium,0.48,10,9/10/11,19.54,19.18
crossbow,Q2,vanilla,near,heavy,0.68,10,9/10/11,19.13,18.78
crossbow,Q2,vanilla,mid,none,0.00,18,17/18/19,17.56,17.18
crossbow,Q2,vanilla,mid,light,0.28,18,17/18/19,17.06,16.70
crossbow,Q2,vanilla,mid,medium,0.48,18,17/18/19,16.71,16.36
crossbow,Q2,vanilla,mid,heavy,0.68,18,17/18/19,16.36,16.02
crossbow,Q2,vanilla,far,none,0.00,22,21/22/23,16.07,15.70
crossbow,Q2,vanilla,far,light,0.28,22,21/22/23,15.62,15.26
crossbow,Q2,vanilla,far,medium,0.48,22,21/22/23,15.30,14.95
crossbow,Q2,vanilla,far,heavy,0.68,22,21/22/23,14.98,14.63
crossbow,Q2,vanilla,ultra_far,none,0.00,25,24/25/26,10.10,0.00
crossbow,Q2,vanilla,ultra_far,light,0.28,25,24/25/26,9.81,0.00
crossbow,Q2,vanilla,ultra_far,medium,0.48,25,24/25/26,9.61,0.00
crossbow,Q2,vanilla,ultra_far,heavy,0.68,25,24/25/26,9.41,0.00
crossbow,Q2,mod,near,none,0.00,10,9/10/11,20.93,20.55
crossbow,Q2,mod,near,light,0.28,10,9/10/11,20.35,19.98
crossbow,Q2,mod,near,medium,0.48,10,9/10/11,19.93,19.57
crossbow,Q2,mod,near,heavy,0.68,10,9/10/11,19.51,19.16
crossbow,Q2,mod,mid,none,0.00,18,17/18/19,6.09,0.00
crossbow,Q2,mod,mid,light,0.28,18,17/18/19,5.92,0.00
crossbow,Q2,mod,mid,medium,0.48,18,17/18/19,5.80,0.00
crossbow,Q2,mod,mid,heavy,0.68,18,17/18/19,5.68,0.00
crossbow,Q2,mod,far,none,0.00,22,21/22/23,0.00,0.00
crossbow,Q2,mod,far,light,0.28,22,21/22/23,0.00,0.00
crossbow,Q2,mod,far,medium,0.48,22,21/22/23,0.00,0.00
crossbow,Q2,mod,far,heavy,0.68,22,21/22/23,0.00,0.00
crossbow,Q2,mod,ultra_far,none,0.00,25,24/25/26,0.00,0.00
crossbow,Q2,mod,ultra_far,light,0.28,25,24/25/26,0.00,0.00
crossbow,Q2,mod,ultra_far,medium,0.48,25,24/25/26,0.00,0.00
crossbow,Q2,mod,ultra_far,heavy,0.68,25,24/25/26,0.00,0.00
crossbow,Q3,vanilla,near,none,0.00,10,9/10/11,23.40,23.14
crossbow,Q3,vanilla,near,light,0.28,10,9/10/11,22.74,22.49
crossbow,Q3,vanilla,near,medium,0.48,10,9/10/11,22.28,22.03
crossbow,Q3,vanilla,near,heavy,0.68,10,9/10/11,21.81,21.57
crossbow,Q3,vanilla,mid,none,0.00,18,17/18/19,21.32,21.06
crossbow,Q3,vanilla,mid,light,0.28,18,17/18/19,20.72,20.47
crossbow,Q3,vanilla,mid,medium,0.48,18,17/18/19,20.30,20.05
crossbow,Q3,vanilla,mid,heavy,0.68,18,17/18/19,19.87,19.63
crossbow,Q3,vanilla,far,none,0.00,22,21/22/23,20.28,20.02
crossbow,Q3,vanilla,far,light,0.28,22,21/22/23,19.71,19.46
crossbow,Q3,vanilla,far,medium,0.48,22,21/22/23,19.31,19.06
crossbow,Q3,vanilla,far,heavy,0.68,22,21/22/23,18.90,18.66
crossbow,Q3,vanilla,ultra_far,none,0.00,25,24/25/26,13.09,0.00
crossbow,Q3,vanilla,ultra_far,light,0.28,25,24/25/26,12.72,0.00
crossbow,Q3,vanilla,ultra_far,medium,0.48,25,24/25/26,12.46,0.00
crossbow,Q3,vanilla,ultra_far,heavy,0.68,25,24/25/26,12.20,0.00
crossbow,Q3,mod,near,none,0.00,10,9/10/11,23.40,23.14
crossbow,Q3,mod,near,light,0.28,10,9/10/11,22.74,22.49
crossbow,Q3,mod,near,medium,0.48,10,9/10/11,22.28,22.03
crossbow,Q3,mod,near,heavy,0.68,10,9/10/11,21.81,21.57
crossbow,Q3,mod,mid,none,0.00,18,17/18/19,7.19,0.00
crossbow,Q3,mod,mid,light,0.28,18,17/18/19,6.99,0.00
crossbow,Q3,mod,mid,medium,0.48,18,17/18/19,6.85,0.00
crossbow,Q3,mod,mid,heavy,0.68,18,17/18/19,6.70,0.00
crossbow,Q3,mod,far,none,0.00,22,21/22/23,0.00,0.00
crossbow,Q3,mod,far,light,0.28,22,21/22/23,0.00,0.00
crossbow,Q3,mod,far,medium,0.48,22,21/22/23,0.00,0.00
crossbow,Q3,mod,far,heavy,0.68,22,21/22/23,0.00,0.00
crossbow,Q3,mod,ultra_far,none,0.00,25,24/25/26,0.00,0.00
crossbow,Q3,mod,ultra_far,light,0.28,25,24/25/26,0.00,0.00
crossbow,Q3,mod,ultra_far,medium,0.48,25,24/25/26,0.00,0.00
crossbow,Q3,mod,ultra_far,heavy,0.68,25,24/25/26,0.00,0.00
crossbow,Q4,vanilla,near,none,0.00,10,9/10/11,26.31,26.08
crossbow,Q4,vanilla,near,light,0.28,10,9/10/11,25.58,25.35
crossbow,Q4,vanilla,near,medium,0.48,10,9/10/11,25.05,24.83
crossbow,Q4,vanilla,near,heavy,0.68,10,9/10/11,24.52,24.31
crossbow,Q4,vanilla,mid,none,0.00,18,17/18/19,24.48,24.25
crossbow,Q4,vanilla,mid,light,0.28,18,17/18/19,23.80,23.57
crossbow,Q4,vanilla,mid,medium,0.48,18,17/18/19,23.31,23.09
crossbow,Q4,vanilla,mid,heavy,0.68,18,17/18/19,22.82,22.60
crossbow,Q4,vanilla,far,none,0.00,22,21/22/23,23.57,23.34
crossbow,Q4,vanilla,far,light,0.28,22,21/22/23,22.91,22.68
crossbow,Q4,vanilla,far,medium,0.48,22,21/22/23,22.44,22.22
crossbow,Q4,vanilla,far,heavy,0.68,22,21/22/23,21.96,21.75
crossbow,Q4,vanilla,ultra_far,none,0.00,25,24/25/26,15.33,0.00
crossbow,Q4,vanilla,ultra_far,light,0.28,25,24/25/26,14.90,0.00
crossbow,Q4,vanilla,ultra_far,medium,0.48,25,24/25/26,14.59,0.00
crossbow,Q4,vanilla,ultra_far,heavy,0.68,25,24/25/26,14.29,0.00
crossbow,Q4,mod,near,none,0.00,10,9/10/11,24.40,24.19
crossbow,Q4,mod,near,light,0.28,10,9/10/11,23.72,23.51
crossbow,Q4,mod,near,medium,0.48,10,9/10/11,23.23,23.03
crossbow,Q4,mod,near,heavy,0.68,10,9/10/11,22.74,22.54
crossbow,Q4,mod,mid,none,0.00,18,17/18/19,7.64,0.00
crossbow,Q4,mod,mid,light,0.28,18,17/18/19,7.42,0.00
crossbow,Q4,mod,mid,medium,0.48,18,17/18/19,7.27,0.00
crossbow,Q4,mod,mid,heavy,0.68,18,17/18/19,7.12,0.00
crossbow,Q4,mod,far,none,0.00,22,21/22/23,0.00,0.00
crossbow,Q4,mod,far,light,0.28,22,21/22/23,0.00,0.00
crossbow,Q4,mod,far,medium,0.48,22,21/22/23,0.00,0.00
crossbow,Q4,mod,far,heavy,0.68,22,21/22/23,0.00,0.00
crossbow,Q4,mod,ultra_far,none,0.00,25,24/25/26,0.00,0.00
crossbow,Q4,mod,ultra_far,light,0.28,25,24/25/26,0.00,0.00
crossbow,Q4,mod,ultra_far,medium,0.48,25,24/25/26,0.00,0.00
crossbow,Q4,mod,ultra_far,heavy,0.68,25,24/25/26,0.00,0.00
crossbow,Q5,vanilla,near,none,0.00,10,9/10/11,29.02,28.80
crossbow,Q5,vanilla,near,light,0.28,10,9/10/11,28.20,27.99
crossbow,Q5,vanilla,near,medium,0.48,10,9/10/11,27.62,27.42
crossbow,Q5,vanilla,near,heavy,0.68,10,9/10/11,27.04,26.84
crossbow,Q5,vanilla,mid,none,0.00,18,17/18/19,27.27,27.05
crossbow,Q5,vanilla,mid,light,0.28,18,17/18/19,26.51,26.29
crossbow,Q5,vanilla,mid,medium,0.48,18,17/18/19,25.96,25.75
crossbow,Q5,vanilla,mid,heavy,0.68,18,17/18/19,25.41,25.21
crossbow,Q5,vanilla,far,none,0.00,22,21/22/23,26.40,26.18
crossbow,Q5,vanilla,far,light,0.28,22,21/22/23,25.66,25.44
crossbow,Q5,vanilla,far,medium,0.48,22,21/22/23,25.13,24.92
crossbow,Q5,vanilla,far,heavy,0.68,22,21/22/23,24.60,24.40
crossbow,Q5,vanilla,ultra_far,none,0.00,25,24/25/26,17.23,0.00
crossbow,Q5,vanilla,ultra_far,light,0.28,25,24/25/26,16.75,0.00
crossbow,Q5,vanilla,ultra_far,medium,0.48,25,24/25/26,16.41,0.00
crossbow,Q5,vanilla,ultra_far,heavy,0.68,25,24/25/26,16.06,0.00
crossbow,Q5,mod,near,none,0.00,10,9/10/11,25.15,24.96
crossbow,Q5,mod,near,light,0.28,10,9/10/11,24.44,24.26
crossbow,Q5,mod,near,medium,0.48,10,9/10/11,23.94,23.76
crossbow,Q5,mod,near,heavy,0.68,10,9/10/11,23.44,23.26
crossbow,Q5,mod,mid,none,0.00,18,17/18/19,7.94,0.00
crossbow,Q5,mod,mid,light,0.28,18,17/18/19,7.72,0.00
crossbow,Q5,mod,mid,medium,0.48,18,17/18/19,7.56,0.00
crossbow,Q5,mod,mid,heavy,0.68,18,17/18/19,7.40,0.00
crossbow,Q5,mod,far,none,0.00,22,21/22/23,0.00,0.00
crossbow,Q5,mod,far,light,0.28,22,21/22/23,0.00,0.00
crossbow,Q5,mod,far,medium,0.48,22,21/22/23,0.00,0.00
crossbow,Q5,mod,far,heavy,0.68,22,21/22/23,0.00,0.00
crossbow,Q5,mod,ultra_far,none,0.00,25,24/25/26,0.00,0.00
crossbow,Q5,mod,ultra_far,light,0.28,25,24/25/26,0.00,0.00
crossbow,Q5,mod,ultra_far,medium,0.48,25,24/25/26,0.00,0.00
crossbow,Q5,mod,ultra_far,heavy,0.68,25,24/25/26,0.00,0.00
crossbow,Q6,vanilla,near,none,0.00,10,9/10/11,34.22,34.00
crossbow,Q6,vanilla,near,light,0.28,10,9/10/11,33.26,33.05
crossbow,Q6,vanilla,near,medium,0.48,10,9/10/11,32.57,32.37
crossbow,Q6,vanilla,near,heavy,0.68,10,9/10/11,31.89,31.69
crossbow,Q6,vanilla,mid,none,0.00,18,17/18/19,32.47,32.25
crossbow,Q6,vanilla,mid,light,0.28,18,17/18/19,31.56,31.35
crossbow,Q6,vanilla,mid,medium,0.48,18,17/18/19,30.91,30.70
crossbow,Q6,vanilla,mid,heavy,0.68,18,17/18/19,30.26,30.06
crossbow,Q6,vanilla,far,none,0.00,22,21/22/23,31.60,31.38
crossbow,Q6,vanilla,far,light,0.28,22,21/22/23,30.71,30.50
crossbow,Q6,vanilla,far,medium,0.48,22,21/22/23,30.08,29.87
crossbow,Q6,vanilla,far,heavy,0.68,22,21/22/23,29.45,29.24
crossbow,Q6,vanilla,ultra_far,none,0.00,25,24/25/26,20.70,0.00
crossbow,Q6,vanilla,ultra_far,light,0.28,25,24/25/26,20.12,0.00
crossbow,Q6,vanilla,ultra_far,medium,0.48,25,24/25/26,19.71,0.00
crossbow,Q6,vanilla,ultra_far,heavy,0.68,25,24/25/26,19.29,0.00
crossbow,Q6,mod,near,none,0.00,10,9/10/11,25.91,25.74
crossbow,Q6,mod,near,light,0.28,10,9/10/11,25.18,25.02
crossbow,Q6,mod,near,medium,0.48,10,9/10/11,24.66,24.51
crossbow,Q6,mod,near,heavy,0.68,10,9/10/11,24.14,23.99
crossbow,Q6,mod,mid,none,0.00,18,17/18/19,8.25,0.00
crossbow,Q6,mod,mid,light,0.28,18,17/18/19,8.02,0.00
crossbow,Q6,mod,mid,medium,0.48,18,17/18/19,7.85,0.00
crossbow,Q6,mod,mid,heavy,0.68,18,17/18/19,7.69,0.00
crossbow,Q6,mod,far,none,0.00,22,21/22/23,0.00,0.00
crossbow,Q6,mod,far,light,0.28,22,21/22/23,0.00,0.00
crossbow,Q6,mod,far,medium,0.48,22,21/22/23,0.00,0.00
crossbow,Q6,mod,far,heavy,0.68,22,21/22/23,0.00,0.00
crossbow,Q6,mod,ultra_far,none,0.00,25,24/25/26,0.00,0.00
crossbow,Q6,mod,ultra_far,light,0.28,25,24/25/26,0.00,0.00
crossbow,Q6,mod,ultra_far,medium,0.48,25,24/25/26,0.00,0.00
crossbow,Q6,mod,ultra_far,heavy,0.68,25,24/25/26,0.00,0.00
heavy_crossbow,Q1,vanilla,near,none,0.00,10,9/10/11,21.60,21.02
heavy_crossbow,Q1,vanilla,near,light,0.28,10,9/10/11,21.12,20.55
heavy_crossbow,Q1,vanilla,near,medium,0.48,10,9/10/11,20.77,20.22
heavy_crossbow,Q1,vanilla,near,heavy,0.68,10,9/10/11,20.42,19.88
heavy_crossbow,Q1,vanilla,mid,none,0.00,18,17/18/19,16.99,16.42
heavy_crossbow,Q1,vanilla,mid,light,0.28,18,17/18/19,16.61,16.05
heavy_crossbow,Q1,vanilla,mid,medium,0.48,18,17/18/19,16.34,15.79
heavy_crossbow,Q1,vanilla,mid,heavy,0.68,18,17/18/19,16.07,15.52
heavy_crossbow,Q1,vanilla,far,none,0.00,22,21/22/23,14.69,14.11
heavy_crossbow,Q1,vanilla,far,light,0.28,22,21/22/23,14.36,13.80
heavy_crossbow,Q1,vanilla,far,medium,0.48,22,21/22/23,14.12,13.57
heavy_crossbow,Q1,vanilla,far,heavy,0.68,22,21/22/23,13.89,13.34
heavy_crossbow,Q1,vanilla,ultra_far,none,0.00,25,24/25/26,8.83,0.00
heavy_crossbow,Q1,vanilla,ultra_far,light,0.28,25,24/25/26,8.63,0.00
heavy_crossbow,Q1,vanilla,ultra_far,medium,0.48,25,24/25/26,8.49,0.00
heavy_crossbow,Q1,vanilla,ultra_far,heavy,0.68,25,24/25/26,8.35,0.00
heavy_crossbow,Q1,mod,near,none,0.00,10,9/10/11,25.38,24.70
heavy_crossbow,Q1,mod,near,light,0.28,10,9/10/11,24.81,24.15
heavy_crossbow,Q1,mod,near,medium,0.48,10,9/10/11,24.41,23.75
heavy_crossbow,Q1,mod,near,heavy,0.68,10,9/10/11,24.00,23.36
heavy_crossbow,Q1,mod,mid,none,0.00,18,17/18/19,19.97,19.29
heavy_crossbow,Q1,mod,mid,light,0.28,18,17/18/19,19.52,18.86
heavy_crossbow,Q1,mod,mid,medium,0.48,18,17/18/19,19.20,18.55
heavy_crossbow,Q1,mod,mid,heavy,0.68,18,17/18/19,18.88,18.24
heavy_crossbow,Q1,mod,far,none,0.00,22,21/22/23,0.00,0.00
heavy_crossbow,Q1,mod,far,light,0.28,22,21/22/23,0.00,0.00
heavy_crossbow,Q1,mod,far,medium,0.48,22,21/22/23,0.00,0.00
heavy_crossbow,Q1,mod,far,heavy,0.68,22,21/22/23,0.00,0.00
heavy_crossbow,Q1,mod,ultra_far,none,0.00,25,24/25/26,0.00,0.00
heavy_crossbow,Q1,mod,ultra_far,light,0.28,25,24/25/26,0.00,0.00
heavy_crossbow,Q1,mod,ultra_far,medium,0.48,25,24/25/26,0.00,0.00
heavy_crossbow,Q1,mod,ultra_far,heavy,0.68,25,24/25/26,0.00,0.00
heavy_crossbow,Q2,vanilla,near,none,0.00,10,9/10/11,28.42,27.90
heavy_crossbow,Q2,vanilla,near,light,0.28,10,9/10/11,27.78,27.28
heavy_crossbow,Q2,vanilla,near,medium,0.48,10,9/10/11,27.32,26.83
heavy_crossbow,Q2,vanilla,near,heavy,0.68,10,9/10/11,26.87,26.38
heavy_crossbow,Q2,vanilla,mid,none,0.00,18,17/18/19,24.31,23.79
heavy_crossbow,Q2,vanilla,mid,light,0.28,18,17/18/19,23.76,23.26
heavy_crossbow,Q2,vanilla,mid,medium,0.48,18,17/18/19,23.37,22.88
heavy_crossbow,Q2,vanilla,mid,heavy,0.68,18,17/18/19,22.99,22.50
heavy_crossbow,Q2,vanilla,far,none,0.00,22,21/22/23,22.25,21.74
heavy_crossbow,Q2,vanilla,far,light,0.28,22,21/22/23,21.75,21.25
heavy_crossbow,Q2,vanilla,far,medium,0.48,22,21/22/23,21.40,20.91
heavy_crossbow,Q2,vanilla,far,heavy,0.68,22,21/22/23,21.04,20.56
heavy_crossbow,Q2,vanilla,ultra_far,none,0.00,25,24/25/26,13.98,0.00
heavy_crossbow,Q2,vanilla,ultra_far,light,0.28,25,24/25/26,13.67,0.00
heavy_crossbow,Q2,vanilla,ultra_far,medium,0.48,25,24/25/26,13.44,0.00
heavy_crossbow,Q2,vanilla,ultra_far,heavy,0.68,25,24/25/26,13.22,0.00
heavy_crossbow,Q2,mod,near,none,0.00,10,9/10/11,28.98,28.46
heavy_crossbow,Q2,mod,near,light,0.28,10,9/10/11,28.33,27.82
heavy_crossbow,Q2,mod,near,medium,0.48,10,9/10/11,27.87,27.37
heavy_crossbow,Q2,mod,near,heavy,0.68,10,9/10/11,27.41,26.91
heavy_crossbow,Q2,mod,mid,none,0.00,18,17/18/19,24.79,24.27
heavy_crossbow,Q2,mod,mid,light,0.28,18,17/18/19,24.24,23.73
heavy_crossbow,Q2,mod,mid,medium,0.48,18,17/18/19,23.84,23.34
heavy_crossbow,Q2,mod,mid,heavy,0.68,18,17/18/19,23.44,22.95
heavy_crossbow,Q2,mod,far,none,0.00,22,21/22/23,0.00,0.00
heavy_crossbow,Q2,mod,far,light,0.28,22,21/22/23,0.00,0.00
heavy_crossbow,Q2,mod,far,medium,0.48,22,21/22/23,0.00,0.00
heavy_crossbow,Q2,mod,far,heavy,0.68,22,21/22/23,0.00,0.00
heavy_crossbow,Q2,mod,ultra_far,none,0.00,25,24/25/26,0.00,0.00
heavy_crossbow,Q2,mod,ultra_far,light,0.28,25,24/25/26,0.00,0.00
heavy_crossbow,Q2,mod,ultra_far,medium,0.48,25,24/25/26,0.00,0.00
heavy_crossbow,Q2,mod,ultra_far,heavy,0.68,25,24/25/26,0.00,0.00
heavy_crossbow,Q3,vanilla,near,none,0.00,10,9/10/11,32.40,32.04
heavy_crossbow,Q3,vanilla,near,light,0.28,10,9/10/11,31.67,31.32
heavy_crossbow,Q3,vanilla,near,medium,0.48,10,9/10/11,31.16,30.81
heavy_crossbow,Q3,vanilla,near,heavy,0.68,10,9/10/11,30.64,30.30
heavy_crossbow,Q3,vanilla,mid,none,0.00,18,17/18/19,29.52,29.16
heavy_crossbow,Q3,vanilla,mid,light,0.28,18,17/18/19,28.86,28.51
heavy_crossbow,Q3,vanilla,mid,medium,0.48,18,17/18/19,28.39,28.04
heavy_crossbow,Q3,vanilla,mid,heavy,0.68,18,17/18/19,27.91,27.57
heavy_crossbow,Q3,vanilla,far,none,0.00,22,21/22/23,28.08,27.72
heavy_crossbow,Q3,vanilla,far,light,0.28,22,21/22/23,27.45,27.10
heavy_crossbow,Q3,vanilla,far,medium,0.48,22,21/22/23,27.00,26.66
heavy_crossbow,Q3,vanilla,far,heavy,0.68,22,21/22/23,26.55,26.21
heavy_crossbow,Q3,vanilla,ultra_far,none,0.00,25,24/25/26,18.12,0.00
heavy_crossbow,Q3,vanilla,ultra_far,light,0.28,25,24/25/26,17.71,0.00
heavy_crossbow,Q3,vanilla,ultra_far,medium,0.48,25,24/25/26,17.42,0.00
heavy_crossbow,Q3,vanilla,ultra_far,heavy,0.68,25,24/25/26,17.13,0.00
heavy_crossbow,Q3,mod,near,none,0.00,10,9/10/11,32.40,32.04
heavy_crossbow,Q3,mod,near,light,0.28,10,9/10/11,31.67,31.32
heavy_crossbow,Q3,mod,near,medium,0.48,10,9/10/11,31.16,30.81
heavy_crossbow,Q3,mod,near,heavy,0.68,10,9/10/11,30.64,30.30
heavy_crossbow,Q3,mod,mid,none,0.00,18,17/18/19,29.52,29.16
heavy_crossbow,Q3,mod,mid,light,0.28,18,17/18/19,28.86,28.51
heavy_crossbow,Q3,mod,mid,medium,0.48,18,17/18/19,28.39,28.04
heavy_crossbow,Q3,mod,mid,heavy,0.68,18,17/18/19,27.91,27.57
heavy_crossbow,Q3,mod,far,none,0.00,22,21/22/23,0.00,0.00
heavy_crossbow,Q3,mod,far,light,0.28,22,21/22/23,0.00,0.00
heavy_crossbow,Q3,mod,far,medium,0.48,22,21/22/23,0.00,0.00
heavy_crossbow,Q3,mod,far,heavy,0.68,22,21/22/23,0.00,0.00
heavy_crossbow,Q3,mod,ultra_far,none,0.00,25,24/25/26,0.00,0.00
heavy_crossbow,Q3,mod,ultra_far,light,0.28,25,24/25/26,0.00,0.00
heavy_crossbow,Q3,mod,ultra_far,medium,0.48,25,24/25/26,0.00,0.00
heavy_crossbow,Q3,mod,ultra_far,heavy,0.68,25,24/25/26,0.00,0.00
heavy_crossbow,Q4,vanilla,near,none,0.00,10,9/10/11,36.43,36.12
heavy_crossbow,Q4,vanilla,near,light,0.28,10,9/10/11,35.62,35.31
heavy_crossbow,Q4,vanilla,near,medium,0.48,10,9/10/11,35.03,34.73
heavy_crossbow,Q4,vanilla,near,heavy,0.68,10,9/10/11,34.45,34.15
heavy_crossbow,Q4,vanilla,mid,none,0.00,18,17/18/19,33.90,33.58
heavy_crossbow,Q4,vanilla,mid,light,0.28,18,17/18/19,33.14,32.83
heavy_crossbow,Q4,vanilla,mid,medium,0.48,18,17/18/19,32.60,32.29
heavy_crossbow,Q4,vanilla,mid,heavy,0.68,18,17/18/19,32.05,31.75
heavy_crossbow,Q4,vanilla,far,none,0.00,22,21/22/23,32.63,32.31
heavy_crossbow,Q4,vanilla,far,light,0.28,22,21/22/23,31.90,31.59
heavy_crossbow,Q4,vanilla,far,medium,0.48,22,21/22/23,31.38,31.07
heavy_crossbow,Q4,vanilla,far,heavy,0.68,22,21/22/23,30.86,30.56
heavy_crossbow,Q4,vanilla,ultra_far,none,0.00,25,24/25/26,21.23,0.00
heavy_crossbow,Q4,vanilla,ultra_far,light,0.28,25,24/25/26,20.75,0.00
heavy_crossbow,Q4,vanilla,ultra_far,medium,0.48,25,24/25/26,20.41,0.00
heavy_crossbow,Q4,vanilla,ultra_far,heavy,0.68,25,24/25/26,20.07,0.00
heavy_crossbow,Q4,mod,near,none,0.00,10,9/10/11,33.78,33.49
heavy_crossbow,Q4,mod,near,light,0.28,10,9/10/11,33.03,32.74
heavy_crossbow,Q4,mod,near,medium,0.48,10,9/10/11,32.49,32.20
heavy_crossbow,Q4,mod,near,heavy,0.68,10,9/10/11,31.94,31.67
heavy_crossbow,Q4,mod,mid,none,0.00,18,17/18/19,31.43,31.14
heavy_crossbow,Q4,mod,mid,light,0.28,18,17/18/19,30.73,30.44
heavy_crossbow,Q4,mod,mid,medium,0.48,18,17/18/19,30.23,29.94
heavy_crossbow,Q4,mod,mid,heavy,0.68,18,17/18/19,29.72,29.44
heavy_crossbow,Q4,mod,far,none,0.00,22,21/22/23,0.00,0.00
heavy_crossbow,Q4,mod,far,light,0.28,22,21/22/23,0.00,0.00
heavy_crossbow,Q4,mod,far,medium,0.48,22,21/22/23,0.00,0.00
heavy_crossbow,Q4,mod,far,heavy,0.68,22,21/22/23,0.00,0.00
heavy_crossbow,Q4,mod,ultra_far,none,0.00,25,24/25/26,0.00,0.00
heavy_crossbow,Q4,mod,ultra_far,light,0.28,25,24/25/26,0.00,0.00
heavy_crossbow,Q4,mod,ultra_far,medium,0.48,25,24/25/26,0.00,0.00
heavy_crossbow,Q4,mod,ultra_far,heavy,0.68,25,24/25/26,0.00,0.00
heavy_crossbow,Q5,vanilla,near,none,0.00,10,9/10/11,40.18,39.87
heavy_crossbow,Q5,vanilla,near,light,0.28,10,9/10/11,39.28,38.98
heavy_crossbow,Q5,vanilla,near,medium,0.48,10,9/10/11,38.63,38.34
heavy_crossbow,Q5,vanilla,near,heavy,0.68,10,9/10/11,37.99,37.70
heavy_crossbow,Q5,vanilla,mid,none,0.00,18,17/18/19,37.76,37.45
heavy_crossbow,Q5,vanilla,mid,light,0.28,18,17/18/19,36.91,36.62
heavy_crossbow,Q5,vanilla,mid,medium,0.48,18,17/18/19,36.31,36.02
heavy_crossbow,Q5,vanilla,mid,heavy,0.68,18,17/18/19,35.70,35.42
heavy_crossbow,Q5,vanilla,far,none,0.00,22,21/22/23,36.55,36.24
heavy_crossbow,Q5,vanilla,far,light,0.28,22,21/22/23,35.73,35.43
heavy_crossbow,Q5,vanilla,far,medium,0.48,22,21/22/23,35.14,34.85
heavy_crossbow,Q5,vanilla,far,heavy,0.68,22,21/22/23,34.56,34.27
heavy_crossbow,Q5,vanilla,ultra_far,none,0.00,25,24/25/26,23.86,0.00
heavy_crossbow,Q5,vanilla,ultra_far,light,0.28,25,24/25/26,23.33,0.00
heavy_crossbow,Q5,vanilla,ultra_far,medium,0.48,25,24/25/26,22.94,0.00
heavy_crossbow,Q5,vanilla,ultra_far,heavy,0.68,25,24/25/26,22.56,0.00
heavy_crossbow,Q5,mod,near,none,0.00,10,9/10/11,34.82,34.56
heavy_crossbow,Q5,mod,near,light,0.28,10,9/10/11,34.04,33.78
heavy_crossbow,Q5,mod,near,medium,0.48,10,9/10/11,33.48,33.23
heavy_crossbow,Q5,mod,near,heavy,0.68,10,9/10/11,32.93,32.68
heavy_crossbow,Q5,mod,mid,none,0.00,18,17/18/19,32.72,32.46
heavy_crossbow,Q5,mod,mid,light,0.28,18,17/18/19,31.99,31.73
heavy_crossbow,Q5,mod,mid,medium,0.48,18,17/18/19,31.47,31.21
heavy_crossbow,Q5,mod,mid,heavy,0.68,18,17/18/19,30.94,30.69
heavy_crossbow,Q5,mod,far,none,0.00,22,21/22/23,0.00,0.00
heavy_crossbow,Q5,mod,far,light,0.28,22,21/22/23,0.00,0.00
heavy_crossbow,Q5,mod,far,medium,0.48,22,21/22/23,0.00,0.00
heavy_crossbow,Q5,mod,far,heavy,0.68,22,21/22/23,0.00,0.00
heavy_crossbow,Q5,mod,ultra_far,none,0.00,25,24/25/26,0.00,0.00
heavy_crossbow,Q5,mod,ultra_far,light,0.28,25,24/25/26,0.00,0.00
heavy_crossbow,Q5,mod,ultra_far,medium,0.48,25,24/25/26,0.00,0.00
heavy_crossbow,Q5,mod,ultra_far,heavy,0.68,25,24/25/26,0.00,0.00
heavy_crossbow,Q6,vanilla,near,none,0.00,10,9/10/11,47.38,47.07
heavy_crossbow,Q6,vanilla,near,light,0.28,10,9/10/11,46.31,46.02
heavy_crossbow,Q6,vanilla,near,medium,0.48,10,9/10/11,45.56,45.27
heavy_crossbow,Q6,vanilla,near,heavy,0.68,10,9/10/11,44.80,44.51
heavy_crossbow,Q6,vanilla,mid,none,0.00,18,17/18/19,44.96,44.65
heavy_crossbow,Q6,vanilla,mid,light,0.28,18,17/18/19,43.95,43.65
heavy_crossbow,Q6,vanilla,mid,medium,0.48,18,17/18/19,43.23,42.94
heavy_crossbow,Q6,vanilla,mid,heavy,0.68,18,17/18/19,42.51,42.23
heavy_crossbow,Q6,vanilla,far,none,0.00,22,21/22/23,43.75,43.44
heavy_crossbow,Q6,vanilla,far,light,0.28,22,21/22/23,42.77,42.47
heavy_crossbow,Q6,vanilla,far,medium,0.48,22,21/22/23,42.07,41.78
heavy_crossbow,Q6,vanilla,far,heavy,0.68,22,21/22/23,41.37,41.08
heavy_crossbow,Q6,vanilla,ultra_far,none,0.00,25,24/25/26,28.66,0.00
heavy_crossbow,Q6,vanilla,ultra_far,light,0.28,25,24/25/26,28.02,0.00
heavy_crossbow,Q6,vanilla,ultra_far,medium,0.48,25,24/25/26,27.56,0.00
heavy_crossbow,Q6,vanilla,ultra_far,heavy,0.68,25,24/25/26,27.10,0.00
heavy_crossbow,Q6,mod,near,none,0.00,10,9/10/11,35.87,35.64
heavy_crossbow,Q6,mod,near,light,0.28,10,9/10/11,35.07,34.84
heavy_crossbow,Q6,mod,near,medium,0.48,10,9/10/11,34.49,34.27
heavy_crossbow,Q6,mod,near,heavy,0.68,10,9/10/11,33.92,33.70
heavy_crossbow,Q6,mod,mid,none,0.00,18,17/18/19,34.04,33.81
heavy_crossbow,Q6,mod,mid,light,0.28,18,17/18/19,33.28,33.05
heavy_crossbow,Q6,mod,mid,medium,0.48,18,17/18/19,32.73,32.51
heavy_crossbow,Q6,mod,mid,heavy,0.68,18,17/18/19,32.19,31.97
heavy_crossbow,Q6,mod,far,none,0.00,22,21/22/23,11.12,0.00
heavy_crossbow,Q6,mod,far,light,0.28,22,21/22/23,10.87,0.00
heavy_crossbow,Q6,mod,far,medium,0.48,22,21/22/23,10.69,0.00
heavy_crossbow,Q6,mod,far,heavy,0.68,22,21/22/23,10.51,0.00
heavy_crossbow,Q6,mod,ultra_far,none,0.00,25,24/25/26,0.00,0.00
heavy_crossbow,Q6,mod,ultra_far,light,0.28,25,24/25/26,0.00,0.00
heavy_crossbow,Q6,mod,ultra_far,medium,0.48,25,24/25/26,0.00,0.00
heavy_crossbow,Q6,mod,ultra_far,heavy,0.68,25,24/25/26,0.00,0.00
